EmployeeID,EffectiveFrom,EffectiveTo,Event,DepartmentID,Gender,JobLevelID,Status
E0001,2024-03-01,2025-04-13,Hire,D004,F,JL4,Active
E0001,2025-04-14,2025-04-14,Termination: Retirement,D004,F,JL4,Inactive
E0002,2020-12-06,9999-12-31,Hire,D006,F,JL2,Active
E0003,2023-03-06,2023-08-01,Hire,D002,F,JL1,Active
E0003,2023-08-02,2023-08-02,Termination: Retirement,D002,F,JL1,Inactive
E0004,2019-04-29,2019-07-15,Hire,D001,F,JL4,Active
E0004,2019-07-16,2020-03-02,Promotion,D001,F,JL5,Active
E0004,2020-03-03,2020-08-26,Promotion,D001,F,JL6,Active
E0004,2020-08-27,2022-01-23,Promotion,D001,F,JL6,Active
E0004,2022-01-24,9999-12-31,Promotion,D001,F,JL6,Active
E0005,2024-05-23,2024-12-07,Hire,D001,M,JL2,Active
E0005,2024-12-08,9999-12-31,DepartmentChange,D004,M,JL2,Active
E0006,2025-08-06,9999-12-31,Hire,D004,M,JL2,Active
E0007,2025-08-06,2025-08-20,Hire,D006,F,JL3,Active
E0007,2025-08-21,2025-08-29,Promotion,D006,F,JL4,Active
E0007,2025-08-30,2025-08-30,Termination: Retirement,D006,F,JL4,Inactive
E0008,2022-11-24,2024-02-08,Hire,D008,M,JL2,Active
E0008,2024-02-09,2024-03-30,DepartmentChange,D003,M,JL2,Active
E0008,2024-03-31,9999-12-31,Promotion,D003,M,JL3,Active
E0009,2022-12-17,2023-07-03,Hire,D009,M,JL3,Active
E0009,2023-07-04,2024-05-25,Promotion,D009,M,JL4,Active
E0009,2024-05-26,9999-12-31,Promotion,D009,M,JL5,Active
E0010,2024-12-28,9999-12-31,Hire,D009,M,JL2,Active
E0011,2023-12-30,2024-05-11,Hire,D002,M,JL2,Active
E0011,2024-05-12,2024-11-30,DepartmentChange,D007,M,JL2,Active
E0011,2024-12-01,2025-04-27,JobLevelChange,D007,M,JL1,Active
E0011,2025-04-28,9999-12-31,Promotion,D007,M,JL2,Active
E0012,2019-09-09,2020-03-16,Hire,D004,F,JL3,Active
E0012,2020-03-17,9999-12-31,DepartmentChange,D001,F,JL3,Active
E0013,2021-07-23,2022-10-31,Hire,D002,M,JL3,Active
E0013,2022-11-01,2023-09-23,JobLevelChange,D002,M,JL1,Active
E0013,2023-09-24,2023-11-27,Promotion,D002,M,JL2,Active
E0013,2023-11-28,2023-11-28,Termination: Retirement,D002,M,JL2,Inactive
E0014,2022-01-23,9999-12-31,Hire,D001,M,JL6,Active
E0015,2020-04-29,2020-11-06,Hire,D006,M,JL6,Active
E0015,2020-11-07,2021-09-26,Promotion,D006,M,JL6,Active
E0015,2021-09-27,2023-02-26,Promotion,D006,M,JL6,Active
E0015,2023-02-27,2023-09-10,Promotion,D006,M,JL6,Active
E0015,2023-09-11,2024-03-10,DepartmentChange,D010,M,JL6,Active
E0015,2024-03-11,2024-11-27,JobLevelChange,D010,M,JL1,Active
E0015,2024-11-28,2024-11-28,Termination: Voluntary,D010,M,JL1,Inactive
E0016,2025-02-01,9999-12-31,Hire,D007,F,JL1,Active
E0017,2025-08-22,2025-10-24,Hire,D004,M,JL1,Active
E0017,2025-10-25,2025-10-25,Termination: Retirement,D004,M,JL1,Inactive
E0018,2021-04-10,2022-01-31,Hire,D007,M,JL2,Active
E0018,2022-02-01,2022-06-28,JobLevelChange,D007,M,JL1,Active
E0018,2022-06-29,2023-09-18,JobLevelChange,D007,M,JL4,Active
E0018,2023-09-19,2024-12-18,DepartmentChange,D008,M,JL4,Active
E0018,2024-12-19,9999-12-31,DepartmentChange,D001,M,JL4,Active
E0019,2023-01-17,2024-08-26,Hire,D008,M,JL1,Active
E0019,2024-08-27,2025-07-24,DepartmentChange,D006,M,JL1,Active
E0019,2025-07-25,9999-12-31,Promotion,D006,M,JL2,Active
E0020,2023-06-06,2024-03-30,Hire,D001,M,JL4,Active
E0020,2024-03-31,2024-06-10,DepartmentChange,D007,M,JL4,Active
E0020,2024-06-11,2024-07-31,JobLevelChange,D007,M,JL1,Active
E0020,2024-08-01,2024-08-01,Termination: Retirement,D007,M,JL1,Inactive
E0021,2024-10-20,9999-12-31,Hire,D001,F,JL4,Active
E0022,2019-04-10,2019-05-20,Hire,D009,F,JL5,Active
E0022,2019-05-21,2019-12-07,DepartmentChange,D001,F,JL5,Active
E0022,2019-12-08,2025-06-19,JobLevelChange,D001,F,JL5,Active
E0022,2025-06-20,2025-06-20,Termination: Retirement,D001,F,JL5,Inactive
E0023,2022-07-22,2023-06-12,Hire,D002,M,JL5,Active
E0023,2023-06-13,2024-07-31,JobLevelChange,D002,M,JL3,Active
E0023,2024-08-01,2025-10-16,Promotion,D002,M,JL4,Active
E0023,2025-10-17,9999-12-31,DepartmentChange,D004,M,JL4,Active
E0024,2024-04-18,2024-05-21,Hire,D006,F,JL5,Active
E0024,2024-05-22,2025-06-07,DepartmentChange,D007,F,JL5,Active
E0024,2025-06-08,2025-06-08,Termination: Voluntary,D007,F,JL5,Inactive
E0025,2024-02-04,2025-06-06,Hire,D006,F,JL2,Active
E0025,2025-06-07,9999-12-31,Promotion,D006,F,JL3,Active
E0026,2021-05-20,2022-04-20,Hire,D007,F,JL2,Active
E0026,2022-04-21,2023-04-16,JobLevelChange,D007,F,JL1,Active
E0026,2023-04-17,9999-12-31,JobLevelChange,D007,F,JL5,Active
E0027,2020-04-25,2021-03-07,Hire,D009,F,JL1,Active
E0027,2021-03-08,9999-12-31,DepartmentChange,D008,F,JL1,Active
E0028,2020-07-16,2021-09-13,Hire,D001,M,JL1,Active
E0028,2021-09-14,2023-01-02,DepartmentChange,D006,M,JL1,Active
E0028,2023-01-03,2023-12-15,Promotion,D006,M,JL2,Active
E0028,2023-12-16,2025-04-16,DepartmentChange,D006,M,JL2,Active
E0028,2025-04-17,9999-12-31,DepartmentChange,D007,M,JL2,Active
E0029,2024-05-27,2025-03-09,Hire,D006,F,JL3,Active
E0029,2025-03-10,2025-09-26,DepartmentChange,D010,F,JL3,Active
E0029,2025-09-27,2025-09-27,Termination: Voluntary,D010,F,JL3,Inactive
E0030,2025-01-09,2025-06-03,Hire,D006,F,JL4,Active
E0030,2025-06-04,9999-12-31,JobLevelChange,D006,F,JL6,Active
E0031,2019-07-14,2020-02-16,Hire,D002,F,JL4,Active
E0031,2020-02-17,9999-12-31,DepartmentChange,D005,F,JL4,Active
E0032,2025-10-17,2025-11-07,Hire,D006,M,JL1,Active
E0032,2025-11-08,2025-11-08,Termination: Involuntary,D006,M,JL1,Inactive
E0033,2025-05-18,2025-08-21,Hire,D002,M,JL1,Active
E0033,2025-08-22,9999-12-31,JobLevelChange,D002,M,JL4,Active
E0034,2023-03-06,2024-08-19,Hire,D009,M,JL1,Active
E0034,2024-08-20,9999-12-31,Promotion,D009,M,JL2,Active
E0035,2019-06-23,2020-06-03,Hire,D006,F,JL4,Active
E0035,2020-06-04,9999-12-31,JobLevelChange,D006,F,JL2,Active
E0036,2021-02-24,2022-06-30,Hire,D002,F,JL1,Active
E0036,2022-07-01,2022-11-24,JobLevelChange,D002,F,JL6,Active
E0036,2022-11-25,2023-03-25,JobLevelChange,D002,F,JL2,Active
E0036,2023-03-26,9999-12-31,DepartmentChange,D009,F,JL2,Active
E0037,2023-11-21,9999-12-31,Hire,D003,M,JL1,Active
E0038,2019-08-11,2021-01-28,Hire,D002,F,JL6,Active
E0038,2021-01-29,2021-05-05,Promotion,D002,F,JL6,Active
E0038,2021-05-06,2022-08-09,JobLevelChange,D002,F,JL2,Active
E0038,2022-08-10,2024-07-24,Promotion,D002,F,JL3,Active
E0038,2024-07-25,2024-07-25,Termination: Retirement,D002,F,JL3,Inactive
E0039,2022-06-10,9999-12-31,Hire,D007,F,JL6,Active
E0040,2020-01-16,2020-12-25,Hire,D010,F,JL2,Active
E0040,2020-12-26,2021-03-07,JobLevelChange,D010,F,JL3,Active
E0040,2021-03-08,2022-03-15,Promotion,D010,F,JL4,Active
E0040,2022-03-16,2023-08-03,Promotion,D010,F,JL5,Active
E0040,2023-08-04,2023-08-04,Termination: Retirement,D010,F,JL5,Inactive
E0041,2023-04-06,9999-12-31,Hire,D003,F,JL5,Active
E0042,2024-01-09,2025-07-27,Hire,D005,F,JL5,Active
E0042,2025-07-28,2025-10-21,JobLevelChange,D005,F,JL1,Active
E0042,2025-10-22,9999-12-31,DepartmentChange,D006,F,JL1,Active
E0043,2022-04-09,2023-03-07,Hire,D003,F,JL2,Active
E0043,2023-03-08,2024-06-24,JobLevelChange,D003,F,JL1,Active
E0043,2024-06-25,2024-06-25,Termination: Involuntary,D003,F,JL1,Inactive
E0044,2024-08-04,2025-01-24,Hire,D004,M,JL6,Active
E0044,2025-01-25,2025-06-05,Promotion,D004,M,JL6,Active
E0044,2025-06-06,2025-06-06,Termination: Retirement,D004,M,JL6,Inactive
E0045,2022-03-23,2023-04-17,Hire,D003,F,JL3,Active
E0045,2023-04-18,9999-12-31,DepartmentChange,D004,F,JL3,Active
E0046,2019-05-28,2019-10-18,Hire,D007,F,JL1,Active
E0046,2019-10-19,9999-12-31,Promotion,D007,F,JL2,Active
E0047,2025-12-26,2025-12-30,Hire,D007,F,JL6,Active
E0047,2025-12-31,2025-12-31,Termination: Retirement,D007,F,JL6,Inactive
E0048,2024-05-05,2024-05-17,Hire,D001,M,JL5,Active
E0048,2024-05-18,2024-12-04,JobLevelChange,D001,M,JL1,Active
E0048,2024-12-05,2024-12-05,Termination: Involuntary,D001,M,JL1,Inactive
E0049,2024-08-14,9999-12-31,Hire,D005,M,JL1,Active
E0050,2020-10-10,2021-01-10,Hire,D001,F,JL1,Active
E0050,2021-01-11,2021-09-09,JobLevelChange,D001,F,JL1,Active
E0050,2021-09-10,2022-12-25,JobLevelChange,D001,F,JL2,Active
E0050,2022-12-26,2023-09-20,JobLevelChange,D001,F,JL3,Active
E0050,2023-09-21,2024-05-13,Promotion,D001,F,JL4,Active
E0050,2024-05-14,9999-12-31,Promotion,D001,F,JL5,Active
E0051,2023-04-17,2024-11-29,Hire,D003,M,JL3,Active
E0051,2024-11-30,2025-12-30,DepartmentChange,D006,M,JL3,Active
E0051,2025-12-31,9999-12-31,Promotion,D006,M,JL4,Active
E0052,2021-07-28,2022-11-14,Hire,D006,M,JL4,Active
E0052,2022-11-15,2023-04-11,JobLevelChange,D006,M,JL6,Active
E0052,2023-04-12,2023-04-12,Termination: Voluntary,D006,M,JL6,Inactive
E0053,2020-12-30,2022-05-07,Hire,D007,F,JL5,Active
E0053,2022-05-08,2023-05-22,DepartmentChange,D007,F,JL5,Active
E0053,2023-05-23,2024-09-13,JobLevelChange,D007,F,JL6,Active
E0053,2024-09-14,2025-11-08,DepartmentChange,D003,F,JL6,Active
E0053,2025-11-09,9999-12-31,DepartmentChange,D008,F,JL6,Active
E0054,2024-06-25,2025-02-10,Hire,D003,F,JL1,Active
E0054,2025-02-11,9999-12-31,DepartmentChange,D007,F,JL1,Active
E0055,2025-11-25,9999-12-31,Hire,D010,F,JL1,Active
E0056,2023-11-20,2025-04-11,Hire,D002,F,JL5,Active
E0056,2025-04-12,2025-08-05,Promotion,D002,F,JL6,Active
E0056,2025-08-06,9999-12-31,DepartmentChange,D010,F,JL6,Active
E0057,2024-07-24,2024-10-09,Hire,D008,M,JL6,Active
E0057,2024-10-10,2024-11-15,Promotion,D008,M,JL6,Active
E0057,2024-11-16,9999-12-31,DepartmentChange,D006,M,JL6,Active
E0058,2025-11-07,9999-12-31,Hire,D004,F,JL5,Active
E0059,2020-05-16,2020-09-18,Hire,D010,M,JL3,Active
E0059,2020-09-19,2022-02-10,DepartmentChange,D001,M,JL3,Active
E0059,2022-02-11,2023-09-03,Promotion,D001,M,JL4,Active
E0059,2023-09-04,9999-12-31,Promotion,D001,M,JL5,Active
E0060,2019-07-07,2020-01-10,Hire,D006,F,JL6,Active
E0060,2020-01-11,9999-12-31,DepartmentChange,D005,F,JL6,Active
E0061,2024-04-16,2024-09-21,Hire,D007,F,JL4,Active
E0061,2024-09-22,2024-11-30,DepartmentChange,D010,F,JL4,Active
E0061,2024-12-01,2025-03-27,JobLevelChange,D010,F,JL1,Active
E0061,2025-03-28,2025-03-28,Termination: Involuntary,D010,F,JL1,Inactive
E0062,2025-09-01,9999-12-31,Hire,D001,M,JL5,Active
E0063,2023-06-15,2023-11-26,Hire,D002,F,JL6,Active
E0063,2023-11-27,9999-12-31,DepartmentChange,D006,F,JL6,Active
E0064,2025-10-21,9999-12-31,Hire,D009,F,JL5,Active
E0065,2020-03-19,2020-11-05,Hire,D003,F,JL1,Active
E0065,2020-11-06,2021-07-11,JobLevelChange,D003,F,JL4,Active
E0065,2021-07-12,2022-09-05,Promotion,D003,F,JL5,Active
E0065,2022-09-06,2024-01-24,Promotion,D003,F,JL6,Active
E0065,2024-01-25,2025-11-26,JobLevelChange,D003,F,JL5,Active
E0065,2025-11-27,2025-11-27,Termination: Retirement,D003,F,JL5,Inactive
E0066,2024-03-18,2024-12-13,Hire,D009,F,JL1,Active
E0066,2024-12-14,2025-10-12,JobLevelChange,D009,F,JL5,Active
E0066,2025-10-13,9999-12-31,JobLevelChange,D009,F,JL1,Active
E0067,2022-02-11,2023-04-28,Hire,D001,M,JL5,Active
E0067,2023-04-29,2024-08-15,DepartmentChange,D002,M,JL5,Active
E0067,2024-08-16,2025-08-24,JobLevelChange,D002,M,JL3,Active
E0067,2025-08-25,9999-12-31,JobLevelChange,D002,M,JL2,Active
E0068,2019-08-26,2019-11-05,Hire,D009,M,JL6,Active
E0068,2019-11-06,2020-12-02,DepartmentChange,D007,M,JL6,Active
E0068,2020-12-03,2021-12-10,JobLevelChange,D007,M,JL5,Active
E0068,2021-12-11,2022-09-23,Promotion,D007,M,JL6,Active
E0068,2022-09-24,9999-12-31,Promotion,D007,M,JL6,Active
E0069,2025-02-04,9999-12-31,Hire,D005,M,JL1,Active
E0070,2025-03-23,2025-11-16,Hire,D005,M,JL3,Active
E0070,2025-11-17,9999-12-31,JobLevelChange,D005,M,JL5,Active
E0071,2020-08-11,2020-12-14,Hire,D001,F,JL5,Active
E0071,2020-12-15,2022-03-08,DepartmentChange,D003,F,JL5,Active
E0071,2022-03-09,2022-11-07,JobLevelChange,D003,F,JL2,Active
E0071,2022-11-08,2023-01-27,DepartmentChange,D001,F,JL2,Active
E0071,2023-01-28,2023-01-28,Termination: Voluntary,D001,F,JL2,Inactive
E0072,2023-03-22,9999-12-31,Hire,D006,M,JL1,Active
E0073,2024-09-24,2025-03-10,Hire,D008,F,JL1,Active
E0073,2025-03-11,2025-06-04,DepartmentChange,D001,F,JL1,Active
E0073,2025-06-05,2025-06-05,Termination: Involuntary,D001,F,JL1,Inactive
E0074,2020-11-07,9999-12-31,Hire,D004,F,JL6,Active
E0075,2021-03-28,2021-08-01,Hire,D008,F,JL5,Active
E0075,2021-08-02,2022-01-22,JobLevelChange,D008,F,JL4,Active
E0075,2022-01-23,2022-01-29,DepartmentChange,D009,F,JL4,Active
E0075,2022-01-30,2022-01-30,Termination: Involuntary,D009,F,JL4,Inactive
E0076,2020-03-26,2020-12-24,Hire,D005,F,JL5,Active
E0076,2020-12-25,2021-10-21,Promotion,D005,F,JL6,Active
E0076,2021-10-22,2022-06-02,JobLevelChange,D005,F,JL2,Active
E0076,2022-06-03,9999-12-31,Promotion,D005,F,JL3,Active
E0077,2025-01-31,2025-06-20,Hire,D001,F,JL1,Active
E0077,2025-06-21,2025-12-28,DepartmentChange,D008,F,JL1,Active
E0077,2025-12-29,2025-12-29,Termination: Voluntary,D008,F,JL1,Inactive
E0078,2024-09-12,9999-12-31,Hire,D010,M,JL2,Active
E0079,2020-10-29,2020-11-06,Hire,D003,M,JL1,Active
E0079,2020-11-07,2020-12-20,Promotion,D003,M,JL2,Active
E0079,2020-12-21,2021-04-03,DepartmentChange,D007,M,JL2,Active
E0079,2021-04-04,2021-05-11,Promotion,D007,M,JL3,Active
E0079,2021-05-12,2021-05-31,Promotion,D007,M,JL4,Active
E0079,2021-06-01,2021-06-08,JobLevelChange,D007,M,JL3,Active
E0079,2021-06-09,2021-06-09,Termination: Involuntary,D007,M,JL3,Inactive
E0080,2022-07-18,2023-05-04,Hire,D002,F,JL2,Active
E0080,2023-05-05,2023-08-19,Promotion,D002,F,JL3,Active
E0080,2023-08-20,2023-08-20,Termination: Voluntary,D002,F,JL3,Inactive
E0081,2022-11-05,2023-01-01,Hire,D001,M,JL6,Active
E0081,2023-01-02,2023-01-23,DepartmentChange,D010,M,JL6,Active
E0081,2023-01-24,2023-01-27,Promotion,D010,M,JL6,Active
E0081,2023-01-28,2023-03-19,JobLevelChange,D010,M,JL1,Active
E0081,2023-03-20,2023-05-03,DepartmentChange,D006,M,JL1,Active
E0081,2023-05-04,2023-05-04,Termination: Involuntary,D006,M,JL1,Inactive
E0082,2023-03-25,2023-08-13,Hire,D006,M,JL3,Active
E0082,2023-08-14,9999-12-31,Promotion,D006,M,JL4,Active
E0083,2021-11-26,2022-06-05,Hire,D010,M,JL6,Active
E0083,2022-06-06,2023-04-11,JobLevelChange,D010,M,JL1,Active
E0083,2023-04-12,2023-08-18,DepartmentChange,D006,M,JL1,Active
E0083,2023-08-19,2023-09-22,JobLevelChange,D006,M,JL6,Active
E0083,2023-09-23,9999-12-31,Promotion,D006,M,JL6,Active
E0084,2019-07-05,2020-04-20,Hire,D003,M,JL2,Active
E0084,2020-04-21,2020-07-03,Promotion,D003,M,JL3,Active
E0084,2020-07-04,2020-11-04,Promotion,D003,M,JL4,Active
E0084,2020-11-05,2021-03-06,JobLevelChange,D003,M,JL2,Active
E0084,2021-03-07,9999-12-31,JobLevelChange,D003,M,JL2,Active
E0085,2025-05-07,2025-06-02,Hire,D004,M,JL6,Active
E0085,2025-06-03,2025-06-03,Termination: Involuntary,D004,M,JL6,Inactive
E0086,2025-05-17,2025-09-06,Hire,D010,F,JL4,Active
E0086,2025-09-07,2025-09-07,Termination: Involuntary,D010,F,JL4,Inactive
E0087,2019-09-18,2020-11-02,Hire,D002,M,JL1,Active
E0087,2020-11-03,2020-11-03,Promotion,D002,M,JL2,Active
E0087,2020-11-04,2020-11-11,JobLevelChange,D002,M,JL2,Active
E0087,2020-11-12,2020-11-21,DepartmentChange,D001,M,JL2,Active
E0087,2020-11-22,2020-11-27,DepartmentChange,D005,M,JL2,Active
E0087,2020-11-28,2020-11-28,Termination: Retirement,D005,M,JL2,Inactive
E0088,2021-11-08,2021-11-23,Hire,D009,M,JL1,Active
E0088,2021-11-24,2022-01-06,Promotion,D009,M,JL2,Active
E0088,2022-01-07,2022-03-27,DepartmentChange,D002,M,JL2,Active
E0088,2022-03-28,2022-04-02,DepartmentChange,D008,M,JL2,Active
E0088,2022-04-03,2022-04-03,Termination: Retirement,D008,M,JL2,Inactive
E0089,2020-04-16,2020-08-22,Hire,D002,F,JL6,Active
E0089,2020-08-23,2025-09-19,Promotion,D002,F,JL6,Active
E0089,2025-09-20,2025-09-20,Termination: Retirement,D002,F,JL6,Inactive
E0090,2021-08-21,2021-11-01,Hire,D010,F,JL2,Active
E0090,2021-11-02,2022-07-19,Promotion,D010,F,JL3,Active
E0090,2022-07-20,2023-07-10,Promotion,D010,F,JL4,Active
E0090,2023-07-11,2024-09-15,JobLevelChange,D010,F,JL6,Active
E0090,2024-09-16,2025-02-21,Promotion,D010,F,JL6,Active
E0090,2025-02-22,9999-12-31,Promotion,D010,F,JL6,Active
E0091,2019-07-23,2020-04-01,Hire,D006,M,JL5,Active
E0091,2020-04-02,2021-10-23,Promotion,D006,M,JL6,Active
E0091,2021-10-24,2023-03-29,DepartmentChange,D010,M,JL6,Active
E0091,2023-03-30,2023-06-10,JobLevelChange,D010,M,JL3,Active
E0091,2023-06-11,9999-12-31,JobLevelChange,D010,M,JL4,Active
E0092,2019-10-26,2021-05-03,Hire,D008,F,JL4,Active
E0092,2021-05-04,2021-05-26,DepartmentChange,D007,F,JL4,Active
E0092,2021-05-27,2021-08-31,Promotion,D007,F,JL5,Active
E0092,2021-09-01,2022-02-08,JobLevelChange,D007,F,JL5,Active
E0092,2022-02-09,2022-02-09,Termination: Voluntary,D007,F,JL5,Inactive
E0093,2022-10-20,2023-08-06,Hire,D005,M,JL2,Active
E0093,2023-08-07,2025-02-03,Promotion,D005,M,JL3,Active
E0093,2025-02-04,2025-11-08,DepartmentChange,D003,M,JL3,Active
E0093,2025-11-09,9999-12-31,DepartmentChange,D006,M,JL3,Active
E0094,2019-06-28,2019-08-24,Hire,D003,F,JL1,Active
E0094,2019-08-25,2021-03-25,Promotion,D003,F,JL2,Active
E0094,2021-03-26,2023-01-18,JobLevelChange,D003,F,JL3,Active
E0094,2023-01-19,2023-01-19,Termination: Involuntary,D003,F,JL3,Inactive
E0095,2019-10-08,2020-09-13,Hire,D004,M,JL4,Active
E0095,2020-09-14,2021-05-25,DepartmentChange,D008,M,JL4,Active
E0095,2021-05-26,2022-11-11,JobLevelChange,D008,M,JL1,Active
E0095,2022-11-12,2023-06-08,Promotion,D008,M,JL2,Active
E0095,2023-06-09,9999-12-31,Promotion,D008,M,JL3,Active
E0096,2020-07-16,2021-10-01,Hire,D006,F,JL2,Active
E0096,2021-10-02,2023-01-29,Promotion,D006,F,JL3,Active
E0096,2023-01-30,2024-03-30,Promotion,D006,F,JL4,Active
E0096,2024-03-31,9999-12-31,Promotion,D006,F,JL5,Active
E0097,2021-08-18,2022-06-08,Hire,D009,M,JL3,Active
E0097,2022-06-09,2023-02-23,JobLevelChange,D009,M,JL1,Active
E0097,2023-02-24,9999-12-31,DepartmentChange,D002,M,JL1,Active
E0098,2022-03-10,2023-02-24,Hire,D001,M,JL3,Active
E0098,2023-02-25,2023-02-25,Termination: Involuntary,D001,M,JL3,Inactive
E0099,2021-03-15,2021-04-16,Hire,D006,M,JL5,Active
E0099,2021-04-17,2021-05-19,DepartmentChange,D007,M,JL5,Active
E0099,2021-05-20,2021-05-26,JobLevelChange,D007,M,JL6,Active
E0099,2021-05-27,2021-06-19,DepartmentChange,D007,M,JL6,Active
E0099,2021-06-20,2021-07-06,DepartmentChange,D002,M,JL6,Active
E0099,2021-07-07,2021-07-20,DepartmentChange,D010,M,JL6,Active
E0099,2021-07-21,2021-07-21,Termination: Retirement,D010,M,JL6,Inactive
E0100,2025-12-12,2025-12-16,Hire,D009,F,JL1,Active
E0100,2025-12-17,2025-12-17,Termination: Retirement,D009,F,JL1,Inactive
E0101,2025-09-09,2025-11-08,Hire,D004,F,JL4,Active
E0101,2025-11-09,2025-11-09,Termination: Involuntary,D004,F,JL4,Inactive
E0102,2022-06-06,2022-07-05,Hire,D002,F,JL1,Active
E0102,2022-07-06,2023-12-13,Promotion,D002,F,JL2,Active
E0102,2023-12-14,9999-12-31,DepartmentChange,D008,F,JL2,Active
E0103,2020-06-26,2020-12-04,Hire,D010,M,JL6,Active
E0103,2020-12-05,2022-05-03,DepartmentChange,D003,M,JL6,Active
E0103,2022-05-04,2023-09-12,Promotion,D003,M,JL6,Active
E0103,2023-09-13,9999-12-31,DepartmentChange,D008,M,JL6,Active
E0104,2024-07-07,2025-09-19,Hire,D007,M,JL6,Active
E0104,2025-09-20,9999-12-31,DepartmentChange,D001,M,JL6,Active
E0105,2019-07-27,2019-09-21,Hire,D001,F,JL2,Active
E0105,2019-09-22,2021-04-07,DepartmentChange,D001,F,JL2,Active
E0105,2021-04-08,2022-10-01,JobLevelChange,D001,F,JL5,Active
E0105,2022-10-02,9999-12-31,JobLevelChange,D001,F,JL3,Active
E0106,2019-01-24,9999-12-31,Hire,D001,F,JL1,Active
E0107,2023-01-19,2024-01-01,Hire,D003,M,JL2,Active
E0107,2024-01-02,9999-12-31,DepartmentChange,D004,M,JL2,Active
E0108,2022-05-15,2023-11-14,Hire,D002,M,JL1,Active
E0108,2023-11-15,9999-12-31,JobLevelChange,D002,M,JL2,Active
E0109,2024-12-03,9999-12-31,Hire,D007,M,JL3,Active
E0110,2025-11-17,9999-12-31,Hire,D006,F,JL2,Active
E0111,2025-04-19,2025-08-23,Hire,D001,M,JL4,Active
E0111,2025-08-24,9999-12-31,Promotion,D001,M,JL5,Active
E0112,2025-01-14,2025-03-02,Hire,D001,M,JL1,Active
E0112,2025-03-03,9999-12-31,Promotion,D001,M,JL2,Active
E0113,2022-02-18,2022-03-28,Hire,D001,F,JL1,Active
E0113,2022-03-29,2022-04-15,DepartmentChange,D005,F,JL1,Active
E0113,2022-04-16,2022-04-16,Termination: Retirement,D005,F,JL1,Inactive
E0114,2021-08-03,9999-12-31,Hire,D009,F,JL1,Active
E0115,2019-03-22,2019-08-20,Hire,D009,F,JL3,Active
E0115,2019-08-21,2020-03-17,DepartmentChange,D003,F,JL3,Active
E0115,2020-03-18,2021-06-16,DepartmentChange,D006,F,JL3,Active
E0115,2021-06-17,2022-08-04,Promotion,D006,F,JL4,Active
E0115,2022-08-05,2023-06-18,DepartmentChange,D005,F,JL4,Active
E0115,2023-06-19,9999-12-31,DepartmentChange,D007,F,JL4,Active
E0116,2022-10-14,2023-02-09,Hire,D006,M,JL5,Active
E0116,2023-02-10,9999-12-31,DepartmentChange,D006,M,JL5,Active
E0117,2021-06-08,2022-09-26,Hire,D009,M,JL3,Active
E0117,2022-09-27,2022-12-25,DepartmentChange,D008,M,JL3,Active
E0117,2022-12-26,2023-07-08,Promotion,D008,M,JL4,Active
E0117,2023-07-09,2024-12-23,JobLevelChange,D008,M,JL6,Active
E0117,2024-12-24,9999-12-31,JobLevelChange,D008,M,JL6,Active
E0118,2019-08-02,2020-02-20,Hire,D003,F,JL4,Active
E0118,2020-02-21,2020-06-05,JobLevelChange,D003,F,JL3,Active
E0118,2020-06-06,2020-11-01,Promotion,D003,F,JL4,Active
E0118,2020-11-02,2020-12-13,JobLevelChange,D003,F,JL6,Active
E0118,2020-12-14,2020-12-14,Termination: Retirement,D003,F,JL6,Inactive
E0119,2023-06-11,2023-10-25,Hire,D010,M,JL5,Active
E0119,2023-10-26,2023-10-29,Promotion,D010,M,JL6,Active
E0119,2023-10-30,2023-12-30,Promotion,D010,M,JL6,Active
E0119,2023-12-31,2024-03-02,Promotion,D010,M,JL6,Active
E0119,2024-03-03,2024-03-03,Termination: Involuntary,D010,M,JL6,Inactive
E0120,2019-09-30,9999-12-31,Hire,D001,M,JL5,Active
E0121,2025-04-01,2025-11-29,Hire,D004,F,JL2,Active
E0121,2025-11-30,9999-12-31,JobLevelChange,D004,F,JL4,Active
E0122,2020-09-21,2021-05-24,Hire,D005,F,JL3,Active
E0122,2021-05-25,2021-09-24,Promotion,D005,F,JL4,Active
E0122,2021-09-25,2023-09-05,DepartmentChange,D007,F,JL4,Active
E0122,2023-09-06,2023-09-06,Termination: Involuntary,D007,F,JL4,Inactive
E0123,2025-05-21,9999-12-31,Hire,D002,F,JL4,Active
E0124,2020-08-03,2021-10-04,Hire,D004,F,JL4,Active
E0124,2021-10-05,2022-11-20,Promotion,D004,F,JL5,Active
E0124,2022-11-21,9999-12-31,DepartmentChange,D002,F,JL5,Active
E0125,2019-09-26,2021-03-20,Hire,D006,M,JL2,Active
E0125,2021-03-21,9999-12-31,DepartmentChange,D007,M,JL2,Active
E0126,2025-01-13,2025-03-14,Hire,D003,M,JL3,Active
E0126,2025-03-15,9999-12-31,Promotion,D003,M,JL4,Active
E0127,2025-05-19,9999-12-31,Hire,D002,F,JL2,Active
E0128,2025-08-13,9999-12-31,Hire,D004,F,JL5,Active
E0129,2025-07-09,2025-11-07,Hire,D004,M,JL2,Active
E0129,2025-11-08,9999-12-31,JobLevelChange,D004,M,JL2,Active
E0130,2020-06-13,2020-10-11,Hire,D008,M,JL3,Active
E0130,2020-10-12,2020-12-16,Promotion,D008,M,JL4,Active
E0130,2020-12-17,2021-03-02,JobLevelChange,D008,M,JL2,Active
E0130,2021-03-03,2022-05-30,DepartmentChange,D002,M,JL2,Active
E0130,2022-05-31,9999-12-31,Promotion,D002,M,JL3,Active
E0131,2025-04-02,2025-07-17,Hire,D002,F,JL5,Active
E0131,2025-07-18,9999-12-31,DepartmentChange,D002,F,JL5,Active
E0132,2025-06-08,2025-09-21,Hire,D006,M,JL6,Active
E0132,2025-09-22,2025-09-22,Termination: Involuntary,D006,M,JL6,Inactive
E0133,2025-05-13,9999-12-31,Hire,D007,F,JL1,Active
E0134,2019-07-04,2019-09-12,Hire,D008,F,JL2,Active
E0134,2019-09-13,9999-12-31,DepartmentChange,D007,F,JL2,Active
E0135,2024-06-04,2025-10-20,Hire,D001,F,JL4,Active
E0135,2025-10-21,9999-12-31,Promotion,D001,F,JL5,Active
E0136,2023-12-23,2024-09-02,Hire,D004,F,JL4,Active
E0136,2024-09-03,2025-02-13,Promotion,D004,F,JL5,Active
E0136,2025-02-14,2025-11-06,Promotion,D004,F,JL6,Active
E0136,2025-11-07,9999-12-31,Promotion,D004,F,JL6,Active
E0137,2020-06-03,2021-01-31,Hire,D004,M,JL2,Active
E0137,2021-02-01,2022-05-14,Promotion,D004,M,JL3,Active
E0137,2022-05-15,2022-10-04,JobLevelChange,D004,M,JL5,Active
E0137,2022-10-05,2023-10-25,Promotion,D004,M,JL6,Active
E0137,2023-10-26,2025-02-19,JobLevelChange,D004,M,JL4,Active
E0137,2025-02-20,2025-11-01,JobLevelChange,D004,M,JL1,Active
E0137,2025-11-02,2025-11-02,Termination: Retirement,D004,M,JL1,Inactive
E0138,2025-10-13,2025-12-14,Hire,D005,F,JL2,Active
E0138,2025-12-15,2025-12-15,Termination: Involuntary,D005,F,JL2,Inactive
E0139,2022-09-03,2023-04-24,Hire,D005,M,JL3,Active
E0139,2023-04-25,9999-12-31,Promotion,D005,M,JL4,Active
E0140,2022-08-27,2023-11-11,Hire,D001,F,JL6,Active
E0140,2023-11-12,2023-12-22,Promotion,D001,F,JL6,Active
E0140,2023-12-23,2024-08-03,JobLevelChange,D001,F,JL2,Active
E0140,2024-08-04,2024-08-05,JobLevelChange,D001,F,JL6,Active
E0140,2024-08-06,2024-08-06,Termination: Involuntary,D001,F,JL6,Inactive
E0141,2019-07-06,2021-02-11,Hire,D006,M,JL1,Active
E0141,2021-02-12,2021-07-13,JobLevelChange,D006,M,JL6,Active
E0141,2021-07-14,2022-07-11,DepartmentChange,D008,M,JL6,Active
E0141,2022-07-12,2022-08-13,Promotion,D008,M,JL6,Active
E0141,2022-08-14,9999-12-31,DepartmentChange,D008,M,JL6,Active
E0142,2025-09-01,2025-10-30,Hire,D008,F,JL6,Active
E0142,2025-10-31,2025-10-31,Termination: Involuntary,D008,F,JL6,Inactive
E0143,2024-03-22,2025-01-25,Hire,D006,M,JL3,Active
E0143,2025-01-26,9999-12-31,Promotion,D006,M,JL4,Active
E0144,2021-11-05,2023-02-13,Hire,D003,F,JL3,Active
E0144,2023-02-14,2024-02-14,Promotion,D003,F,JL4,Active
E0144,2024-02-15,2024-03-12,JobLevelChange,D003,F,JL1,Active
E0144,2024-03-13,2024-03-13,Termination: Voluntary,D003,F,JL1,Inactive
E0145,2022-07-15,2023-02-10,Hire,D003,M,JL1,Active
E0145,2023-02-11,2024-06-13,Promotion,D003,M,JL2,Active
E0145,2024-06-14,2025-02-19,Promotion,D003,M,JL3,Active
E0145,2025-02-20,9999-12-31,JobLevelChange,D003,M,JL5,Active
E0146,2024-09-24,9999-12-31,Hire,D009,M,JL5,Active
E0147,2025-04-27,9999-12-31,Hire,D006,F,JL2,Active
E0148,2025-10-20,2025-11-10,Hire,D001,M,JL5,Active
E0148,2025-11-11,2025-11-11,Termination: Voluntary,D001,M,JL5,Inactive
E0149,2021-03-07,2022-03-09,Hire,D003,F,JL5,Active
E0149,2022-03-10,2022-05-27,Promotion,D003,F,JL6,Active
E0149,2022-05-28,2023-06-01,DepartmentChange,D004,F,JL6,Active
E0149,2023-06-02,9999-12-31,JobLevelChange,D004,F,JL3,Active
E0150,2025-05-18,2025-06-17,Hire,D007,F,JL2,Active
E0150,2025-06-18,2025-08-25,Promotion,D007,F,JL3,Active
E0150,2025-08-26,2025-08-26,Termination: Involuntary,D007,F,JL3,Inactive
E0151,2025-02-03,9999-12-31,Hire,D002,F,JL3,Active
E0152,2021-10-14,2022-12-22,Hire,D005,M,JL6,Active
E0152,2022-12-23,2023-12-14,DepartmentChange,D010,M,JL6,Active
E0152,2023-12-15,9999-12-31,JobLevelChange,D010,M,JL5,Active
E0153,2020-08-07,2020-08-08,Hire,D006,F,JL5,Active
E0153,2020-08-09,2020-12-22,JobLevelChange,D006,F,JL1,Active
E0153,2020-12-23,2021-02-01,JobLevelChange,D006,F,JL3,Active
E0153,2021-02-02,2021-02-02,JobLevelChange,D006,F,JL5,Active
E0153,2021-02-03,2021-04-04,DepartmentChange,D003,F,JL5,Active
E0153,2021-04-05,2021-04-05,Termination: Retirement,D003,F,JL5,Inactive
E0154,2024-07-03,2025-07-19,Hire,D006,F,JL3,Active
E0154,2025-07-20,9999-12-31,Promotion,D006,F,JL4,Active
E0155,2025-07-30,9999-12-31,Hire,D005,M,JL5,Active
E0156,2024-10-28,2025-11-02,Hire,D009,F,JL4,Active
E0156,2025-11-03,9999-12-31,Promotion,D009,F,JL5,Active
E0157,2019-11-24,9999-12-31,Hire,D007,M,JL2,Active
E0158,2021-08-24,2022-09-03,Hire,D001,F,JL1,Active
E0158,2022-09-04,2022-12-10,JobLevelChange,D001,F,JL4,Active
E0158,2022-12-11,2023-03-03,JobLevelChange,D001,F,JL5,Active
E0158,2023-03-04,2023-06-23,JobLevelChange,D001,F,JL4,Active
E0158,2023-06-24,9999-12-31,Promotion,D001,F,JL5,Active
E0159,2022-08-30,9999-12-31,Hire,D007,F,JL1,Active
E0160,2024-02-24,2025-05-24,Hire,D002,F,JL6,Active
E0160,2025-05-25,9999-12-31,DepartmentChange,D008,F,JL6,Active
E0161,2025-03-08,9999-12-31,Hire,D007,M,JL4,Active
E0162,2025-09-23,9999-12-31,Hire,D001,F,JL5,Active
E0163,2023-03-17,2023-06-19,Hire,D003,M,JL6,Active
E0163,2023-06-20,2024-01-12,DepartmentChange,D004,M,JL6,Active
E0163,2024-01-13,2024-07-05,Promotion,D004,M,JL6,Active
E0163,2024-07-06,2025-04-03,DepartmentChange,D009,M,JL6,Active
E0163,2025-04-04,9999-12-31,Promotion,D009,M,JL6,Active
E0164,2022-12-04,2024-02-14,Hire,D009,M,JL3,Active
E0164,2024-02-15,9999-12-31,JobLevelChange,D009,M,JL4,Active
E0165,2025-04-03,2025-09-28,Hire,D009,M,JL3,Active
E0165,2025-09-29,2025-09-29,Termination: Voluntary,D009,M,JL3,Inactive
E0166,2021-04-24,2021-11-24,Hire,D006,F,JL2,Active
E0166,2021-11-25,9999-12-31,Promotion,D006,F,JL3,Active
E0167,2025-09-15,9999-12-31,Hire,D001,M,JL3,Active
E0168,2019-05-22,9999-12-31,Hire,D006,M,JL4,Active
E0169,2019-02-28,2020-05-26,Hire,D001,F,JL2,Active
E0169,2020-05-27,2021-08-21,Promotion,D001,F,JL3,Active
E0169,2021-08-22,9999-12-31,DepartmentChange,D001,F,JL3,Active
E0170,2024-01-15,2024-08-14,Hire,D007,M,JL4,Active
E0170,2024-08-15,2025-11-29,JobLevelChange,D007,M,JL4,Active
E0170,2025-11-30,9999-12-31,JobLevelChange,D007,M,JL6,Active
E0171,2019-07-12,2021-01-30,Hire,D009,F,JL3,Active
E0171,2021-01-31,2022-08-16,DepartmentChange,D009,F,JL3,Active
E0171,2022-08-17,2023-02-28,DepartmentChange,D008,F,JL3,Active
E0171,2023-03-01,9999-12-31,DepartmentChange,D005,F,JL3,Active
E0172,2022-02-14,2022-06-22,Hire,D008,M,JL5,Active
E0172,2022-06-23,2022-06-23,Termination: Retirement,D008,M,JL5,Inactive
E0173,2019-01-15,2021-02-06,Hire,D005,M,JL6,Active
E0173,2021-02-07,2021-02-07,Termination: Retirement,D005,M,JL6,Inactive
E0174,2025-07-19,2025-09-18,Hire,D009,F,JL1,Active
E0174,2025-09-19,2025-09-19,Termination: Voluntary,D009,F,JL1,Inactive
E0175,2019-09-06,2020-09-01,Hire,D010,M,JL5,Active
E0175,2020-09-02,2021-05-15,Promotion,D010,M,JL6,Active
E0175,2021-05-16,2022-12-11,JobLevelChange,D010,M,JL5,Active
E0175,2022-12-12,9999-12-31,DepartmentChange,D003,M,JL5,Active
E0176,2020-08-19,2020-11-04,Hire,D006,F,JL5,Active
E0176,2020-11-05,2022-03-21,Promotion,D006,F,JL6,Active
E0176,2022-03-22,9999-12-31,DepartmentChange,D008,F,JL6,Active
E0177,2019-02-07,2019-07-02,Hire,D005,F,JL4,Active
E0177,2019-07-03,2020-11-06,DepartmentChange,D008,F,JL4,Active
E0177,2020-11-07,2021-11-11,Promotion,D008,F,JL5,Active
E0177,2021-11-12,2023-01-07,DepartmentChange,D010,F,JL5,Active
E0177,2023-01-08,9999-12-31,Promotion,D010,F,JL6,Active
E0178,2022-11-02,2024-03-14,Hire,D008,F,JL6,Active
E0178,2024-03-15,2025-09-12,Promotion,D008,F,JL6,Active
E0178,2025-09-13,9999-12-31,JobLevelChange,D008,F,JL1,Active
E0179,2022-11-01,2022-11-10,Hire,D002,F,JL4,Active
E0179,2022-11-11,2022-11-19,DepartmentChange,D007,F,JL4,Active
E0179,2022-11-20,2022-11-24,JobLevelChange,D007,F,JL2,Active
E0179,2022-11-25,2022-11-25,Termination: Retirement,D007,F,JL2,Inactive
E0180,2020-07-04,9999-12-31,Hire,D007,F,JL5,Active
E0181,2023-03-21,9999-12-31,Hire,D006,F,JL1,Active
E0182,2022-10-27,9999-12-31,Hire,D004,F,JL2,Active
E0183,2019-01-26,2019-08-13,Hire,D005,M,JL5,Active
E0183,2019-08-14,2021-02-27,JobLevelChange,D005,M,JL2,Active
E0183,2021-02-28,2021-10-29,DepartmentChange,D006,M,JL2,Active
E0183,2021-10-30,2022-07-23,Promotion,D006,M,JL3,Active
E0183,2022-07-24,9999-12-31,JobLevelChange,D006,M,JL3,Active
E0184,2022-01-04,2022-04-23,Hire,D008,F,JL4,Active
E0184,2022-04-24,2022-05-18,Promotion,D008,F,JL5,Active
E0184,2022-05-19,2022-05-19,Termination: Retirement,D008,F,JL5,Inactive
E0185,2023-03-20,2024-06-13,Hire,D002,M,JL4,Active
E0185,2024-06-14,2024-11-16,Promotion,D002,M,JL5,Active
E0185,2024-11-17,2025-10-13,Promotion,D002,M,JL6,Active
E0185,2025-10-14,9999-12-31,DepartmentChange,D005,M,JL6,Active
E0186,2024-07-15,2025-02-22,Hire,D009,F,JL5,Active
E0186,2025-02-23,9999-12-31,Promotion,D009,F,JL6,Active
E0187,2024-03-26,9999-12-31,Hire,D003,M,JL5,Active
E0188,2019-03-06,2020-10-12,Hire,D004,M,JL5,Active
E0188,2020-10-13,2022-02-18,Promotion,D004,M,JL6,Active
E0188,2022-02-19,2022-11-19,JobLevelChange,D004,M,JL5,Active
E0188,2022-11-20,9999-12-31,JobLevelChange,D004,M,JL2,Active
E0189,2025-10-20,9999-12-31,Hire,D002,F,JL5,Active
E0190,2022-07-26,2023-05-30,Hire,D007,M,JL4,Active
E0190,2023-05-31,2024-08-16,Promotion,D007,M,JL5,Active
E0190,2024-08-17,2025-07-03,DepartmentChange,D009,M,JL5,Active
E0190,2025-07-04,9999-12-31,DepartmentChange,D004,M,JL5,Active
E0191,2025-11-28,9999-12-31,Hire,D005,M,JL1,Active
E0192,2022-04-29,2022-10-13,Hire,D009,M,JL6,Active
E0192,2022-10-14,9999-12-31,Promotion,D009,M,JL6,Active
E0193,2019-11-09,2020-10-15,Hire,D009,F,JL4,Active
E0193,2020-10-16,2022-05-14,DepartmentChange,D005,F,JL4,Active
E0193,2022-05-15,2023-03-21,Promotion,D005,F,JL5,Active
E0193,2023-03-22,2024-06-23,DepartmentChange,D006,F,JL5,Active
E0193,2024-06-24,2024-12-08,JobLevelChange,D006,F,JL5,Active
E0193,2024-12-09,9999-12-31,JobLevelChange,D006,F,JL4,Active
E0194,2025-05-30,9999-12-31,Hire,D010,M,JL3,Active
E0195,2021-08-13,2021-10-16,Hire,D008,F,JL5,Active
E0195,2021-10-17,2022-02-03,Promotion,D008,F,JL6,Active
E0195,2022-02-04,2022-08-26,JobLevelChange,D008,F,JL1,Active
E0195,2022-08-27,2023-11-21,JobLevelChange,D008,F,JL6,Active
E0195,2023-11-22,2025-06-05,Promotion,D008,F,JL6,Active
E0195,2025-06-06,9999-12-31,DepartmentChange,D009,F,JL6,Active
E0196,2022-10-04,2023-12-15,Hire,D007,M,JL6,Active
E0196,2023-12-16,2024-11-07,Promotion,D007,M,JL6,Active
E0196,2024-11-08,2025-08-30,DepartmentChange,D003,M,JL6,Active
E0196,2025-08-31,9999-12-31,Promotion,D003,M,JL6,Active
E0197,2019-07-11,2020-06-07,Hire,D003,M,JL4,Active
E0197,2020-06-08,2021-08-12,Promotion,D003,M,JL5,Active
E0197,2021-08-13,2021-10-21,Promotion,D003,M,JL6,Active
E0197,2021-10-22,9999-12-31,JobLevelChange,D003,M,JL2,Active
E0198,2019-02-10,2019-05-20,Hire,D001,F,JL3,Active
E0198,2019-05-21,2020-02-21,JobLevelChange,D001,F,JL6,Active
E0198,2020-02-22,2020-11-24,Promotion,D001,F,JL6,Active
E0198,2020-11-25,2021-09-27,JobLevelChange,D001,F,JL5,Active
E0198,2021-09-28,2022-10-16,DepartmentChange,D010,F,JL5,Active
E0198,2022-10-17,2024-02-24,Promotion,D010,F,JL6,Active
E0198,2024-02-25,2024-02-25,Termination: Retirement,D010,F,JL6,Inactive
E0199,2024-02-14,2024-11-27,Hire,D006,M,JL4,Active
E0199,2024-11-28,9999-12-31,Promotion,D006,M,JL5,Active
E0200,2020-06-28,2020-08-08,Hire,D004,F,JL6,Active
E0200,2020-08-09,2021-04-02,JobLevelChange,D004,F,JL4,Active
E0200,2021-04-03,2022-03-15,Promotion,D004,F,JL5,Active
E0200,2022-03-16,2022-05-19,JobLevelChange,D004,F,JL3,Active
E0200,2022-05-20,9999-12-31,DepartmentChange,D001,F,JL3,Active
E0201,2019-10-25,2020-09-02,Hire,D002,F,JL2,Active
E0201,2020-09-03,2022-03-21,JobLevelChange,D002,F,JL4,Active
E0201,2022-03-22,2022-06-02,JobLevelChange,D002,F,JL6,Active
E0201,2022-06-03,2023-03-19,JobLevelChange,D002,F,JL5,Active
E0201,2023-03-20,2023-11-28,JobLevelChange,D002,F,JL2,Active
E0201,2023-11-29,9999-12-31,DepartmentChange,D009,F,JL2,Active
E0202,2019-11-12,2021-03-23,Hire,D006,M,JL2,Active
E0202,2021-03-24,2021-12-19,JobLevelChange,D006,M,JL2,Active
E0202,2021-12-20,2023-08-04,JobLevelChange,D006,M,JL3,Active
E0202,2023-08-05,2024-09-12,DepartmentChange,D010,M,JL3,Active
E0202,2024-09-13,2024-09-13,Termination: Retirement,D010,M,JL3,Inactive
E0203,2020-09-22,9999-12-31,Hire,D010,M,JL5,Active
E0204,2021-11-10,2023-05-19,Hire,D003,F,JL3,Active
E0204,2023-05-20,9999-12-31,Promotion,D003,F,JL4,Active
E0205,2021-02-05,9999-12-31,Hire,D007,M,JL6,Active
E0206,2022-11-08,2024-01-15,Hire,D005,F,JL2,Active
E0206,2024-01-16,2025-03-21,DepartmentChange,D001,F,JL2,Active
E0206,2025-03-22,9999-12-31,Promotion,D001,F,JL3,Active
E0207,2022-10-29,2022-11-02,Hire,D007,M,JL1,Active
E0207,2022-11-03,2023-06-30,DepartmentChange,D009,M,JL1,Active
E0207,2023-07-01,2023-07-27,DepartmentChange,D004,M,JL1,Active
E0207,2023-07-28,2023-08-07,Promotion,D004,M,JL2,Active
E0207,2023-08-08,2023-08-08,Termination: Retirement,D004,M,JL2,Inactive
E0208,2020-03-27,2021-02-18,Hire,D004,F,JL5,Active
E0208,2021-02-19,2021-10-19,JobLevelChange,D004,F,JL6,Active
E0208,2021-10-20,9999-12-31,DepartmentChange,D001,F,JL6,Active
E0209,2024-01-09,2025-04-27,Hire,D010,M,JL5,Active
E0209,2025-04-28,9999-12-31,Promotion,D010,M,JL6,Active
E0210,2022-04-20,2023-08-23,Hire,D003,M,JL2,Active
E0210,2023-08-24,9999-12-31,Promotion,D003,M,JL3,Active
E0211,2022-01-11,2022-09-30,Hire,D008,M,JL5,Active
E0211,2022-10-01,2022-11-11,Promotion,D008,M,JL6,Active
E0211,2022-11-12,2023-10-07,DepartmentChange,D007,M,JL6,Active
E0211,2023-10-08,2023-12-09,DepartmentChange,D004,M,JL6,Active
E0211,2023-12-10,9999-12-31,JobLevelChange,D004,M,JL3,Active
E0212,2023-05-07,2023-08-13,Hire,D010,M,JL1,Active
E0212,2023-08-14,2024-11-10,Promotion,D010,M,JL2,Active
E0212,2024-11-11,2025-06-19,DepartmentChange,D005,M,JL2,Active
E0212,2025-06-20,9999-12-31,JobLevelChange,D005,M,JL4,Active
E0213,2025-02-18,2025-11-01,Hire,D008,F,JL3,Active
E0213,2025-11-02,2025-11-02,Termination: Involuntary,D008,F,JL3,Inactive
E0214,2023-10-27,2024-04-19,Hire,D006,F,JL4,Active
E0214,2024-04-20,2025-08-19,Promotion,D006,F,JL5,Active
E0214,2025-08-20,2025-08-20,Termination: Voluntary,D006,F,JL5,Inactive
E0215,2021-12-23,2022-02-18,Hire,D001,M,JL1,Active
E0215,2022-02-19,2022-10-31,DepartmentChange,D008,M,JL1,Active
E0215,2022-11-01,2023-05-20,Promotion,D008,M,JL2,Active
E0215,2023-05-21,9999-12-31,Promotion,D008,M,JL3,Active
E0216,2023-04-07,2023-06-21,Hire,D003,F,JL5,Active
E0216,2023-06-22,2023-07-07,DepartmentChange,D005,F,JL5,Active
E0216,2023-07-08,2023-07-12,DepartmentChange,D003,F,JL5,Active
E0216,2023-07-13,2023-07-13,Termination: Voluntary,D003,F,JL5,Inactive
E0217,2020-11-02,2022-03-26,Hire,D007,F,JL1,Active
E0217,2022-03-27,2022-10-30,JobLevelChange,D007,F,JL6,Active
E0217,2022-10-31,2023-11-12,Promotion,D007,F,JL6,Active
E0217,2023-11-13,9999-12-31,Promotion,D007,F,JL6,Active
E0218,2020-09-28,2021-06-05,Hire,D009,F,JL6,Active
E0218,2021-06-06,2022-01-05,JobLevelChange,D009,F,JL1,Active
E0218,2022-01-06,2022-07-05,DepartmentChange,D008,F,JL1,Active
E0218,2022-07-06,2023-12-15,JobLevelChange,D008,F,JL2,Active
E0218,2023-12-16,2024-02-08,DepartmentChange,D007,F,JL2,Active
E0218,2024-02-09,9999-12-31,DepartmentChange,D007,F,JL2,Active
E0219,2022-11-11,2025-07-26,Hire,D008,M,JL6,Active
E0219,2025-07-27,2025-07-27,Termination: Involuntary,D008,M,JL6,Inactive
E0220,2025-06-24,2025-09-12,Hire,D010,F,JL6,Active
E0220,2025-09-13,9999-12-31,JobLevelChange,D010,F,JL3,Active
E0221,2021-05-30,2021-08-28,Hire,D001,F,JL3,Active
E0221,2021-08-29,2023-02-15,DepartmentChange,D009,F,JL3,Active
E0221,2023-02-16,2023-04-11,JobLevelChange,D009,F,JL4,Active
E0221,2023-04-12,2024-02-04,JobLevelChange,D009,F,JL3,Active
E0221,2024-02-05,2024-07-03,DepartmentChange,D003,F,JL3,Active
E0221,2024-07-04,9999-12-31,Promotion,D003,F,JL4,Active
E0222,2022-01-26,9999-12-31,Hire,D007,F,JL4,Active
E0223,2021-08-10,2023-02-28,Hire,D004,M,JL1,Active
E0223,2023-03-01,2024-03-30,DepartmentChange,D009,M,JL1,Active
E0223,2024-03-31,2024-09-16,Promotion,D009,M,JL2,Active
E0223,2024-09-17,2024-12-11,Promotion,D009,M,JL3,Active
E0223,2024-12-12,2025-08-02,JobLevelChange,D009,M,JL3,Active
E0223,2025-08-03,9999-12-31,DepartmentChange,D005,M,JL3,Active
E0224,2024-03-24,2024-06-24,Hire,D004,F,JL4,Active
E0224,2024-06-25,2024-06-25,Termination: Voluntary,D004,F,JL4,Inactive
E0225,2019-07-14,2021-02-16,Hire,D001,M,JL1,Active
E0225,2021-02-17,9999-12-31,Promotion,D001,M,JL2,Active
E0226,2019-01-19,2020-03-27,Hire,D007,F,JL4,Active
E0226,2020-03-28,2020-06-28,JobLevelChange,D007,F,JL1,Active
E0226,2020-06-29,2020-12-05,DepartmentChange,D002,F,JL1,Active
E0226,2020-12-06,2020-12-06,Termination: Involuntary,D002,F,JL1,Inactive
E0227,2023-05-20,9999-12-31,Hire,D005,M,JL2,Active
E0228,2025-07-31,2025-09-02,Hire,D009,F,JL1,Active
E0228,2025-09-03,9999-12-31,Promotion,D009,F,JL2,Active
E0229,2024-05-17,2024-12-15,Hire,D009,M,JL3,Active
E0229,2024-12-16,9999-12-31,Promotion,D009,M,JL4,Active
E0230,2024-12-19,9999-12-31,Hire,D002,F,JL1,Active
E0231,2025-05-03,9999-12-31,Hire,D002,M,JL5,Active
E0232,2023-08-19,2024-04-10,Hire,D003,M,JL2,Active
E0232,2024-04-11,2024-08-27,DepartmentChange,D009,M,JL2,Active
E0232,2024-08-28,2025-01-22,JobLevelChange,D009,M,JL6,Active
E0232,2025-01-23,2025-06-08,DepartmentChange,D002,M,JL6,Active
E0232,2025-06-09,9999-12-31,Promotion,D002,M,JL6,Active
E0233,2025-12-26,9999-12-31,Hire,D008,F,JL4,Active
E0234,2019-06-30,2020-12-03,Hire,D006,M,JL2,Active
E0234,2020-12-04,2022-05-14,DepartmentChange,D003,M,JL2,Active
E0234,2022-05-15,2022-09-30,Promotion,D003,M,JL3,Active
E0234,2022-10-01,2022-12-09,Promotion,D003,M,JL4,Active
E0234,2022-12-10,2023-10-07,Promotion,D003,M,JL5,Active
E0234,2023-10-08,9999-12-31,Promotion,D003,M,JL6,Active
E0235,2019-06-30,2020-07-23,Hire,D008,M,JL2,Active
E0235,2020-07-24,2021-03-15,JobLevelChange,D008,M,JL3,Active
E0235,2021-03-16,9999-12-31,DepartmentChange,D002,M,JL3,Active
E0236,2023-03-06,9999-12-31,Hire,D005,M,JL2,Active
E0237,2020-02-04,9999-12-31,Hire,D007,F,JL6,Active
E0238,2023-04-21,2024-09-21,Hire,D010,F,JL4,Active
E0238,2024-09-22,9999-12-31,JobLevelChange,D010,F,JL6,Active
E0239,2019-05-24,2019-05-31,Hire,D006,M,JL2,Active
E0239,2019-06-01,2019-06-10,JobLevelChange,D006,M,JL5,Active
E0239,2019-06-11,2019-06-13,JobLevelChange,D006,M,JL2,Active
E0239,2019-06-14,2019-07-26,DepartmentChange,D007,M,JL2,Active
E0239,2019-07-27,2019-08-21,Promotion,D007,M,JL3,Active
E0239,2019-08-22,2019-08-23,Promotion,D007,M,JL4,Active
E0239,2019-08-24,2019-08-24,Termination: Involuntary,D007,M,JL4,Inactive
E0240,2025-09-03,9999-12-31,Hire,D009,M,JL2,Active
E0241,2020-06-02,2021-09-13,Hire,D008,F,JL4,Active
E0241,2021-09-14,2022-04-15,DepartmentChange,D007,F,JL4,Active
E0241,2022-04-16,2023-04-06,JobLevelChange,D007,F,JL2,Active
E0241,2023-04-07,2023-12-16,DepartmentChange,D002,F,JL2,Active
E0241,2023-12-17,9999-12-31,JobLevelChange,D002,F,JL4,Active
E0242,2022-12-06,2023-05-30,Hire,D005,M,JL5,Active
E0242,2023-05-31,2023-05-31,Termination: Retirement,D005,M,JL5,Inactive
E0243,2024-11-01,2025-01-19,Hire,D004,F,JL1,Active
E0243,2025-01-20,9999-12-31,JobLevelChange,D004,F,JL6,Active
E0244,2022-06-23,2023-07-07,Hire,D007,F,JL2,Active
E0244,2023-07-08,2024-03-09,Promotion,D007,F,JL3,Active
E0244,2024-03-10,2025-03-26,JobLevelChange,D007,F,JL2,Active
E0244,2025-03-27,2025-10-23,Promotion,D007,F,JL3,Active
E0244,2025-10-24,9999-12-31,DepartmentChange,D003,F,JL3,Active
E0245,2021-02-28,2022-02-18,Hire,D003,M,JL3,Active
E0245,2022-02-19,9999-12-31,JobLevelChange,D003,M,JL3,Active
E0246,2019-02-13,2019-12-08,Hire,D002,M,JL5,Active
E0246,2019-12-09,9999-12-31,Promotion,D002,M,JL6,Active
E0247,2023-04-12,9999-12-31,Hire,D002,M,JL4,Active
E0248,2023-09-02,2024-03-04,Hire,D008,M,JL6,Active
E0248,2024-03-05,2025-05-07,JobLevelChange,D008,M,JL3,Active
E0248,2025-05-08,2025-11-01,JobLevelChange,D008,M,JL4,Active
E0248,2025-11-02,9999-12-31,Promotion,D008,M,JL5,Active
E0249,2022-04-05,2023-07-02,Hire,D001,M,JL2,Active
E0249,2023-07-03,2024-10-31,Promotion,D001,M,JL3,Active
E0249,2024-11-01,2025-04-11,DepartmentChange,D010,M,JL3,Active
E0249,2025-04-12,9999-12-31,DepartmentChange,D006,M,JL3,Active
E0250,2024-09-30,2025-10-30,Hire,D002,F,JL3,Active
E0250,2025-10-31,9999-12-31,DepartmentChange,D010,F,JL3,Active
E0251,2024-07-02,2024-09-18,Hire,D001,F,JL6,Active
E0251,2024-09-19,2024-09-24,Promotion,D001,F,JL6,Active
E0251,2024-09-25,2024-10-02,DepartmentChange,D008,F,JL6,Active
E0251,2024-10-03,2024-10-22,DepartmentChange,D010,F,JL6,Active
E0251,2024-10-23,2024-10-23,Termination: Retirement,D010,F,JL6,Inactive
E0252,2021-03-13,2022-04-17,Hire,D002,F,JL2,Active
E0252,2022-04-18,2023-10-12,DepartmentChange,D008,F,JL2,Active
E0252,2023-10-13,9999-12-31,DepartmentChange,D010,F,JL2,Active
E0253,2023-02-06,2024-07-22,Hire,D009,M,JL1,Active
E0253,2024-07-23,2025-11-22,DepartmentChange,D005,M,JL1,Active
E0253,2025-11-23,2025-12-06,DepartmentChange,D003,M,JL1,Active
E0253,2025-12-07,2025-12-07,Termination: Involuntary,D003,M,JL1,Inactive
E0254,2024-05-28,2024-07-09,Hire,D001,M,JL4,Active
E0254,2024-07-10,9999-12-31,DepartmentChange,D009,M,JL4,Active
E0255,2021-10-16,2021-12-24,Hire,D005,M,JL2,Active
E0255,2021-12-25,2022-03-28,JobLevelChange,D005,M,JL5,Active
E0255,2022-03-29,2022-06-24,JobLevelChange,D005,M,JL5,Active
E0255,2022-06-25,2022-07-27,Promotion,D005,M,JL6,Active
E0255,2022-07-28,2022-10-04,JobLevelChange,D005,M,JL2,Active
E0255,2022-10-05,9999-12-31,DepartmentChange,D008,M,JL2,Active
E0256,2022-02-28,2023-01-07,Hire,D001,M,JL5,Active
E0256,2023-01-08,2024-02-22,Promotion,D001,M,JL6,Active
E0256,2024-02-23,9999-12-31,Promotion,D001,M,JL6,Active
E0257,2022-01-29,2023-06-08,Hire,D002,M,JL2,Active
E0257,2023-06-09,9999-12-31,Promotion,D002,M,JL3,Active
E0258,2022-01-25,2022-03-06,Hire,D007,F,JL5,Active
E0258,2022-03-07,2023-09-07,DepartmentChange,D001,F,JL5,Active
E0258,2023-09-08,2024-04-23,DepartmentChange,D008,F,JL5,Active
E0258,2024-04-24,2025-03-19,DepartmentChange,D009,F,JL5,Active
E0258,2025-03-20,9999-12-31,Promotion,D009,F,JL6,Active
E0259,2020-03-05,2021-04-04,Hire,D003,F,JL6,Active
E0259,2021-04-05,2021-09-17,JobLevelChange,D003,F,JL5,Active
E0259,2021-09-18,2022-07-11,JobLevelChange,D003,F,JL1,Active
E0259,2022-07-12,2024-03-02,DepartmentChange,D001,F,JL1,Active
E0259,2024-03-03,9999-12-31,Promotion,D001,F,JL2,Active
E0260,2024-02-14,2024-05-14,Hire,D007,M,JL2,Active
E0260,2024-05-15,9999-12-31,JobLevelChange,D007,M,JL4,Active
E0261,2023-07-05,2023-12-11,Hire,D010,M,JL1,Active
E0261,2023-12-12,2024-09-25,DepartmentChange,D003,M,JL1,Active
E0261,2024-09-26,2024-11-05,JobLevelChange,D003,M,JL3,Active
E0261,2024-11-06,2024-12-03,DepartmentChange,D004,M,JL3,Active
E0261,2024-12-04,2024-12-04,Termination: Voluntary,D004,M,JL3,Inactive
E0262,2024-02-20,2025-05-02,Hire,D004,F,JL2,Active
E0262,2025-05-03,9999-12-31,JobLevelChange,D004,F,JL6,Active
E0263,2025-09-12,9999-12-31,Hire,D004,F,JL1,Active
E0264,2025-03-18,2025-09-29,Hire,D004,M,JL4,Active
E0264,2025-09-30,9999-12-31,JobLevelChange,D004,M,JL4,Active
E0265,2020-09-19,2021-07-04,Hire,D001,F,JL3,Active
E0265,2021-07-05,2023-07-14,Promotion,D001,F,JL4,Active
E0265,2023-07-15,2023-07-15,Termination: Retirement,D001,F,JL4,Inactive
E0266,2022-12-11,2024-04-21,Hire,D001,F,JL2,Active
E0266,2024-04-22,2025-05-13,Promotion,D001,F,JL3,Active
E0266,2025-05-14,9999-12-31,JobLevelChange,D001,F,JL2,Active
E0267,2020-10-30,2021-02-21,Hire,D001,M,JL2,Active
E0267,2021-02-22,2022-03-11,DepartmentChange,D003,M,JL2,Active
E0267,2022-03-12,2022-12-22,Promotion,D003,M,JL3,Active
E0267,2022-12-23,2023-01-31,Promotion,D003,M,JL4,Active
E0267,2023-02-01,2023-04-19,DepartmentChange,D009,M,JL4,Active
E0267,2023-04-20,2023-04-20,Termination: Retirement,D009,M,JL4,Inactive
E0268,2024-01-24,2025-07-07,Hire,D003,M,JL5,Active
E0268,2025-07-08,2025-10-01,DepartmentChange,D003,M,JL5,Active
E0268,2025-10-02,9999-12-31,JobLevelChange,D003,M,JL2,Active
E0269,2024-04-28,2024-12-12,Hire,D010,F,JL3,Active
E0269,2024-12-13,2025-10-23,JobLevelChange,D010,F,JL2,Active
E0269,2025-10-24,2025-10-24,Termination: Involuntary,D010,F,JL2,Inactive
E0270,2021-05-09,2021-10-08,Hire,D007,M,JL1,Active
E0270,2021-10-09,9999-12-31,DepartmentChange,D006,M,JL1,Active
E0271,2022-12-16,9999-12-31,Hire,D006,M,JL4,Active
E0272,2022-08-13,9999-12-31,Hire,D004,F,JL4,Active
E0273,2020-09-01,2021-07-19,Hire,D003,F,JL3,Active
E0273,2021-07-20,2022-05-16,JobLevelChange,D003,F,JL4,Active
E0273,2022-05-17,2023-09-12,Promotion,D003,F,JL5,Active
E0273,2023-09-13,2023-10-19,JobLevelChange,D003,F,JL1,Active
E0273,2023-10-20,9999-12-31,JobLevelChange,D003,F,JL5,Active
E0274,2021-04-10,2021-04-16,Hire,D003,M,JL6,Active
E0274,2021-04-17,2021-04-22,Promotion,D003,M,JL6,Active
E0274,2021-04-23,2021-05-25,DepartmentChange,D002,M,JL6,Active
E0274,2021-05-26,2021-05-26,Termination: Retirement,D002,M,JL6,Inactive
E0275,2024-02-29,9999-12-31,Hire,D007,F,JL4,Active
E0276,2025-11-08,9999-12-31,Hire,D010,F,JL6,Active
E0277,2022-12-22,2023-05-27,Hire,D007,F,JL6,Active
E0277,2023-05-28,2024-05-07,JobLevelChange,D007,F,JL2,Active
E0277,2024-05-08,2024-05-08,Termination: Retirement,D007,F,JL2,Inactive
E0278,2023-05-27,2023-07-14,Hire,D002,F,JL3,Active
E0278,2023-07-15,2023-10-14,DepartmentChange,D002,F,JL3,Active
E0278,2023-10-15,2024-08-15,JobLevelChange,D002,F,JL5,Active
E0278,2024-08-16,2024-09-06,JobLevelChange,D002,F,JL5,Active
E0278,2024-09-07,2024-09-07,Termination: Voluntary,D002,F,JL5,Inactive
E0279,2021-07-06,2023-02-19,Hire,D006,M,JL6,Active
E0279,2023-02-20,2024-08-24,DepartmentChange,D001,M,JL6,Active
E0279,2024-08-25,2025-05-20,Promotion,D001,M,JL6,Active
E0279,2025-05-21,2025-09-09,Promotion,D001,M,JL6,Active
E0279,2025-09-10,2025-10-25,Promotion,D001,M,JL6,Active
E0279,2025-10-26,9999-12-31,DepartmentChange,D004,M,JL6,Active
E0280,2021-06-17,2021-12-18,Hire,D007,M,JL4,Active
E0280,2021-12-19,2023-03-20,DepartmentChange,D007,M,JL4,Active
E0280,2023-03-21,2023-12-17,DepartmentChange,D006,M,JL4,Active
E0280,2023-12-18,2024-09-07,JobLevelChange,D006,M,JL3,Active
E0280,2024-09-08,9999-12-31,DepartmentChange,D001,M,JL3,Active
E0281,2025-03-25,2025-11-03,Hire,D003,M,JL6,Active
E0281,2025-11-04,2025-11-04,Termination: Voluntary,D003,M,JL6,Inactive
E0282,2022-11-30,2023-02-20,Hire,D008,M,JL2,Active
E0282,2023-02-21,2023-04-07,JobLevelChange,D008,M,JL2,Active
E0282,2023-04-08,2023-12-18,JobLevelChange,D008,M,JL3,Active
E0282,2023-12-19,9999-12-31,DepartmentChange,D010,M,JL3,Active
E0283,2020-03-20,2020-07-15,Hire,D005,F,JL1,Active
E0283,2020-07-16,2021-06-23,DepartmentChange,D002,F,JL1,Active
E0283,2021-06-24,2022-12-07,Promotion,D002,F,JL2,Active
E0283,2022-12-08,2023-03-16,Promotion,D002,F,JL3,Active
E0283,2023-03-17,2023-03-17,Termination: Voluntary,D002,F,JL3,Inactive
E0284,2022-11-18,2023-06-01,Hire,D009,M,JL5,Active
E0284,2023-06-02,2023-06-18,DepartmentChange,D010,M,JL5,Active
E0284,2023-06-19,2023-08-22,DepartmentChange,D010,M,JL5,Active
E0284,2023-08-23,2023-08-24,JobLevelChange,D010,M,JL6,Active
E0284,2023-08-25,2023-08-25,Termination: Involuntary,D010,M,JL6,Inactive
E0285,2024-04-17,2024-12-19,Hire,D009,F,JL4,Active
E0285,2024-12-20,2025-07-12,JobLevelChange,D009,F,JL2,Active
E0285,2025-07-13,2025-11-10,DepartmentChange,D010,F,JL2,Active
E0285,2025-11-11,9999-12-31,JobLevelChange,D010,F,JL5,Active
E0286,2025-12-27,9999-12-31,Hire,D009,M,JL1,Active
E0287,2019-10-06,2020-09-29,Hire,D007,F,JL2,Active
E0287,2020-09-30,2021-01-10,DepartmentChange,D006,F,JL2,Active
E0287,2021-01-11,2021-07-27,DepartmentChange,D006,F,JL2,Active
E0287,2021-07-28,2022-02-24,JobLevelChange,D006,F,JL5,Active
E0287,2022-02-25,2022-09-14,DepartmentChange,D002,F,JL5,Active
E0287,2022-09-15,2025-01-13,JobLevelChange,D002,F,JL2,Active
E0287,2025-01-14,2025-01-14,Termination: Retirement,D002,F,JL2,Inactive
E0288,2021-04-23,2022-09-07,Hire,D007,M,JL3,Active
E0288,2022-09-08,2023-12-24,Promotion,D007,M,JL4,Active
E0288,2023-12-25,2024-08-04,Promotion,D007,M,JL5,Active
E0288,2024-08-05,2025-10-19,DepartmentChange,D003,M,JL5,Active
E0288,2025-10-20,9999-12-31,Promotion,D003,M,JL6,Active
E0289,2020-04-15,2021-04-14,Hire,D006,F,JL5,Active
E0289,2021-04-15,9999-12-31,JobLevelChange,D006,F,JL5,Active
E0290,2022-07-23,9999-12-31,Hire,D006,M,JL4,Active
E0291,2019-07-14,2020-06-26,Hire,D005,M,JL3,Active
E0291,2020-06-27,2020-11-01,JobLevelChange,D005,M,JL6,Active
E0291,2020-11-02,2021-02-26,JobLevelChange,D005,M,JL5,Active
E0291,2021-02-27,2021-09-15,JobLevelChange,D005,M,JL4,Active
E0291,2021-09-16,9999-12-31,JobLevelChange,D005,M,JL4,Active
E0292,2025-12-01,9999-12-31,Hire,D003,M,JL4,Active
E0293,2023-09-03,2025-04-09,Hire,D007,M,JL6,Active
E0293,2025-04-10,2025-04-10,Termination: Voluntary,D007,M,JL6,Inactive
E0294,2019-10-11,2019-12-04,Hire,D007,F,JL4,Active
E0294,2019-12-05,2019-12-06,JobLevelChange,D007,F,JL5,Active
E0294,2019-12-07,2020-01-16,JobLevelChange,D007,F,JL1,Active
E0294,2020-01-17,2020-01-17,DepartmentChange,D008,F,JL1,Active
E0294,2020-01-18,2020-01-20,JobLevelChange,D008,F,JL5,Active
E0294,2020-01-21,2020-01-29,DepartmentChange,D008,F,JL5,Active
E0294,2020-01-30,2020-01-30,Termination: Involuntary,D008,F,JL5,Inactive
E0295,2024-07-14,2025-07-13,Hire,D003,M,JL5,Active
E0295,2025-07-14,2025-07-14,Termination: Retirement,D003,M,JL5,Inactive
E0296,2025-09-12,9999-12-31,Hire,D009,M,JL1,Active
E0297,2025-06-09,9999-12-31,Hire,D007,F,JL1,Active
E0298,2023-08-03,2023-12-04,Hire,D008,M,JL5,Active
E0298,2023-12-05,2025-02-05,JobLevelChange,D008,M,JL6,Active
E0298,2025-02-06,9999-12-31,Promotion,D008,M,JL6,Active
E0299,2024-02-12,2024-11-26,Hire,D003,F,JL4,Active
E0299,2024-11-27,2025-01-25,DepartmentChange,D010,F,JL4,Active
E0299,2025-01-26,9999-12-31,JobLevelChange,D010,F,JL2,Active
E0300,2024-10-16,2024-12-16,Hire,D004,F,JL2,Active
E0300,2024-12-17,9999-12-31,DepartmentChange,D002,F,JL2,Active
E0301,2023-08-06,2025-02-26,Hire,D007,F,JL3,Active
E0301,2025-02-27,9999-12-31,JobLevelChange,D007,F,JL4,Active
E0302,2025-08-09,2025-12-24,Hire,D002,F,JL4,Active
E0302,2025-12-25,2025-12-25,Termination: Involuntary,D002,F,JL4,Inactive
E0303,2021-05-03,2022-01-04,Hire,D003,M,JL6,Active
E0303,2022-01-05,2022-11-24,Promotion,D003,M,JL6,Active
E0303,2022-11-25,2023-02-17,DepartmentChange,D005,M,JL6,Active
E0303,2023-02-18,2023-05-18,JobLevelChange,D005,M,JL4,Active
E0303,2023-05-19,2024-07-15,Promotion,D005,M,JL5,Active
E0303,2024-07-16,9999-12-31,Promotion,D005,M,JL6,Active
E0304,2023-12-30,2024-05-19,Hire,D005,F,JL4,Active
E0304,2024-05-20,2024-12-20,Promotion,D005,F,JL5,Active
E0304,2024-12-21,9999-12-31,DepartmentChange,D002,F,JL5,Active
E0305,2019-10-01,2020-08-04,Hire,D010,M,JL1,Active
E0305,2020-08-05,2021-05-06,Promotion,D010,M,JL2,Active
E0305,2021-05-07,2021-11-05,Promotion,D010,M,JL3,Active
E0305,2021-11-06,2022-07-16,Promotion,D010,M,JL4,Active
E0305,2022-07-17,2022-10-26,Promotion,D010,M,JL5,Active
E0305,2022-10-27,9999-12-31,Promotion,D010,M,JL6,Active
E0306,2024-08-18,9999-12-31,Hire,D002,M,JL6,Active
E0307,2021-10-28,2022-01-01,Hire,D004,F,JL1,Active
E0307,2022-01-02,2023-04-03,DepartmentChange,D006,F,JL1,Active
E0307,2023-04-04,2024-02-11,DepartmentChange,D007,F,JL1,Active
E0307,2024-02-12,2025-05-12,DepartmentChange,D001,F,JL1,Active
E0307,2025-05-13,9999-12-31,JobLevelChange,D001,F,JL2,Active
E0308,2024-09-28,2025-02-12,Hire,D009,F,JL2,Active
E0308,2025-02-13,9999-12-31,Promotion,D009,F,JL3,Active
E0309,2022-06-25,2023-10-13,Hire,D006,M,JL4,Active
E0309,2023-10-14,2024-09-26,Promotion,D006,M,JL5,Active
E0309,2024-09-27,2024-12-06,JobLevelChange,D006,M,JL4,Active
E0309,2024-12-07,2024-12-07,Termination: Involuntary,D006,M,JL4,Inactive
E0310,2020-10-11,2021-03-04,Hire,D009,M,JL4,Active
E0310,2021-03-05,2022-06-13,DepartmentChange,D003,M,JL4,Active
E0310,2022-06-14,2023-01-06,JobLevelChange,D003,M,JL5,Active
E0310,2023-01-07,2023-08-01,JobLevelChange,D003,M,JL1,Active
E0310,2023-08-02,2024-03-03,DepartmentChange,D007,M,JL1,Active
E0310,2024-03-04,9999-12-31,DepartmentChange,D003,M,JL1,Active
E0311,2021-02-26,2021-04-23,Hire,D004,M,JL3,Active
E0311,2021-04-24,2022-05-20,JobLevelChange,D004,M,JL5,Active
E0311,2022-05-21,2023-09-18,DepartmentChange,D010,M,JL5,Active
E0311,2023-09-19,9999-12-31,DepartmentChange,D009,M,JL5,Active
E0312,2023-02-16,2023-07-03,Hire,D010,M,JL6,Active
E0312,2023-07-04,2024-06-01,JobLevelChange,D010,M,JL3,Active
E0312,2024-06-02,2025-06-29,JobLevelChange,D010,M,JL5,Active
E0312,2025-06-30,2025-10-23,DepartmentChange,D001,M,JL5,Active
E0312,2025-10-24,9999-12-31,Promotion,D001,M,JL6,Active
E0313,2022-05-19,9999-12-31,Hire,D001,F,JL2,Active
E0314,2021-12-11,2023-03-08,Hire,D008,F,JL3,Active
E0314,2023-03-09,2024-07-12,DepartmentChange,D002,F,JL3,Active
E0314,2024-07-13,2024-07-15,JobLevelChange,D002,F,JL4,Active
E0314,2024-07-16,2024-07-19,JobLevelChange,D002,F,JL1,Active
E0314,2024-07-20,2024-07-20,Termination: Involuntary,D002,F,JL1,Inactive
E0315,2021-09-23,2023-04-30,Hire,D009,F,JL1,Active
E0315,2023-05-01,2023-06-18,DepartmentChange,D005,F,JL1,Active
E0315,2023-06-19,2023-09-29,JobLevelChange,D005,F,JL4,Active
E0315,2023-09-30,2023-10-30,Promotion,D005,F,JL5,Active
E0315,2023-10-31,9999-12-31,Promotion,D005,F,JL6,Active
E0316,2025-06-03,2025-08-14,Hire,D008,F,JL4,Active
E0316,2025-08-15,2025-08-15,Termination: Voluntary,D008,F,JL4,Inactive
E0317,2023-04-03,2023-09-20,Hire,D008,M,JL4,Active
E0317,2023-09-21,2023-09-30,DepartmentChange,D007,M,JL4,Active
E0317,2023-10-01,2023-10-01,Termination: Retirement,D007,M,JL4,Inactive
E0318,2021-06-04,2021-12-08,Hire,D007,M,JL4,Active
E0318,2021-12-09,2021-12-09,Termination: Voluntary,D007,M,JL4,Inactive
E0319,2020-01-14,2020-11-30,Hire,D001,M,JL5,Active
E0319,2020-12-01,2021-05-24,DepartmentChange,D009,M,JL5,Active
E0319,2021-05-25,2021-12-09,DepartmentChange,D003,M,JL5,Active
E0319,2021-12-10,2023-07-04,Promotion,D003,M,JL6,Active
E0319,2023-07-05,9999-12-31,JobLevelChange,D003,M,JL2,Active
E0320,2024-04-03,2025-11-19,Hire,D001,M,JL3,Active
E0320,2025-11-20,9999-12-31,Promotion,D001,M,JL4,Active
E0321,2020-03-05,2020-07-23,Hire,D002,M,JL4,Active
E0321,2020-07-24,2022-01-08,DepartmentChange,D006,M,JL4,Active
E0321,2022-01-09,2023-02-20,Promotion,D006,M,JL5,Active
E0321,2023-02-21,9999-12-31,Promotion,D006,M,JL6,Active
E0322,2025-03-30,9999-12-31,Hire,D009,M,JL5,Active
E0323,2022-06-06,2024-01-13,Hire,D002,M,JL2,Active
E0323,2024-01-14,2024-11-18,DepartmentChange,D006,M,JL2,Active
E0323,2024-11-19,2024-12-31,JobLevelChange,D006,M,JL1,Active
E0323,2025-01-01,2025-01-01,Termination: Retirement,D006,M,JL1,Inactive
E0324,2023-12-26,2024-05-13,Hire,D003,M,JL4,Active
E0324,2024-05-14,2024-11-28,Promotion,D003,M,JL5,Active
E0324,2024-11-29,2024-11-29,Termination: Voluntary,D003,M,JL5,Inactive
E0325,2024-10-13,2025-12-26,Hire,D010,F,JL6,Active
E0325,2025-12-27,9999-12-31,JobLevelChange,D010,F,JL6,Active
E0326,2020-10-21,2021-03-26,Hire,D008,F,JL1,Active
E0326,2021-03-27,2021-12-08,Promotion,D008,F,JL2,Active
E0326,2021-12-09,2021-12-09,Termination: Involuntary,D008,F,JL2,Inactive
E0327,2020-05-14,2021-10-21,Hire,D008,F,JL2,Active
E0327,2021-10-22,2023-02-26,DepartmentChange,D002,F,JL2,Active
E0327,2023-02-27,2024-07-21,JobLevelChange,D002,F,JL3,Active
E0327,2024-07-22,2025-05-04,DepartmentChange,D006,F,JL3,Active
E0327,2025-05-05,9999-12-31,JobLevelChange,D006,F,JL1,Active
E0328,2025-06-29,2025-10-06,Hire,D004,F,JL1,Active
E0328,2025-10-07,9999-12-31,Promotion,D004,F,JL2,Active
E0329,2024-11-05,9999-12-31,Hire,D006,M,JL6,Active
E0330,2024-05-18,9999-12-31,Hire,D004,M,JL2,Active
E0331,2023-07-15,2024-01-03,Hire,D009,F,JL6,Active
E0331,2024-01-04,2024-05-04,JobLevelChange,D009,F,JL2,Active
E0331,2024-05-05,2024-11-24,Promotion,D009,F,JL3,Active
E0331,2024-11-25,2024-11-25,Termination: Involuntary,D009,F,JL3,Inactive
E0332,2025-08-05,9999-12-31,Hire,D010,M,JL1,Active
E0333,2020-01-26,2020-06-19,Hire,D007,F,JL4,Active
E0333,2020-06-20,2020-12-13,Promotion,D007,F,JL5,Active
E0333,2020-12-14,2021-05-04,Promotion,D007,F,JL6,Active
E0333,2021-05-05,2022-02-09,Promotion,D007,F,JL6,Active
E0333,2022-02-10,2022-07-08,DepartmentChange,D006,F,JL6,Active
E0333,2022-07-09,9999-12-31,JobLevelChange,D006,F,JL6,Active
E0334,2021-10-17,2023-03-26,Hire,D008,F,JL5,Active
E0334,2023-03-27,2023-11-29,JobLevelChange,D008,F,JL4,Active
E0334,2023-11-30,2024-03-05,JobLevelChange,D008,F,JL3,Active
E0334,2024-03-06,2024-07-21,JobLevelChange,D008,F,JL3,Active
E0334,2024-07-22,2024-07-22,Termination: Involuntary,D008,F,JL3,Inactive
E0335,2025-09-23,2025-12-26,Hire,D009,M,JL1,Active
E0335,2025-12-27,2025-12-27,Termination: Retirement,D009,M,JL1,Inactive
E0336,2019-04-03,2019-11-14,Hire,D009,F,JL4,Active
E0336,2019-11-15,2020-12-22,JobLevelChange,D009,F,JL4,Active
E0336,2020-12-23,9999-12-31,Promotion,D009,F,JL5,Active
E0337,2023-02-26,2023-12-02,Hire,D008,M,JL4,Active
E0337,2023-12-03,2024-04-22,Promotion,D008,M,JL5,Active
E0337,2024-04-23,2024-04-23,Termination: Involuntary,D009,M,JL5,Inactive
E0338,2023-05-16,9999-12-31,Hire,D005,M,JL5,Active
E0339,2019-06-18,2019-10-20,Hire,D010,F,JL1,Active
E0339,2019-10-21,2020-10-20,Promotion,D010,F,JL2,Active
E0339,2020-10-21,2022-05-25,DepartmentChange,D009,F,JL2,Active
E0339,2022-05-26,9999-12-31,DepartmentChange,D002,F,JL2,Active
E0340,2023-03-03,2023-12-31,Hire,D006,M,JL5,Active
E0340,2024-01-01,9999-12-31,Promotion,D006,M,JL6,Active
E0341,2023-06-04,2024-11-24,Hire,D003,F,JL1,Active
E0341,2024-11-25,9999-12-31,Promotion,D003,F,JL2,Active
E0342,2023-05-19,2023-07-10,Hire,D009,F,JL1,Active
E0342,2023-07-11,2024-06-11,Promotion,D009,F,JL2,Active
E0342,2024-06-12,2024-10-03,JobLevelChange,D009,F,JL3,Active
E0342,2024-10-04,2024-11-16,Promotion,D009,F,JL4,Active
E0342,2024-11-17,2024-11-17,Termination: Involuntary,D009,F,JL4,Inactive
E0343,2019-01-26,9999-12-31,Hire,D008,F,JL2,Active
E0344,2025-08-22,2025-10-21,Hire,D004,M,JL6,Active
E0344,2025-10-22,2025-10-22,Termination: Involuntary,D004,M,JL6,Inactive
E0345,2019-06-17,2020-01-31,Hire,D003,F,JL2,Active
E0345,2020-02-01,2020-08-25,Promotion,D003,F,JL3,Active
E0345,2020-08-26,2021-03-19,Promotion,D003,F,JL4,Active
E0345,2021-03-20,2022-07-24,Promotion,D003,F,JL5,Active
E0345,2022-07-25,2023-06-15,JobLevelChange,D003,F,JL4,Active
E0345,2023-06-16,9999-12-31,JobLevelChange,D003,F,JL4,Active
E0346,2025-09-03,9999-12-31,Hire,D007,M,JL1,Active
E0347,2024-09-15,2025-05-21,Hire,D005,F,JL1,Active
E0347,2025-05-22,2025-12-12,Promotion,D005,F,JL2,Active
E0347,2025-12-13,9999-12-31,Promotion,D005,F,JL3,Active
E0348,2020-08-12,2020-10-20,Hire,D010,F,JL6,Active
E0348,2020-10-21,2021-06-02,Promotion,D010,F,JL6,Active
E0348,2021-06-03,2022-12-20,DepartmentChange,D005,F,JL6,Active
E0348,2022-12-21,2024-09-12,Promotion,D005,F,JL6,Active
E0348,2024-09-13,2024-09-13,Termination: Retirement,D005,F,JL6,Inactive
E0349,2025-09-10,9999-12-31,Hire,D007,M,JL6,Active
E0350,2021-11-13,2022-11-17,Hire,D010,M,JL6,Active
E0350,2022-11-18,9999-12-31,JobLevelChange,D010,M,JL5,Active
E0351,2022-09-29,2024-02-19,Hire,D001,M,JL2,Active
E0351,2024-02-20,2024-08-24,JobLevelChange,D001,M,JL1,Active
E0351,2024-08-25,2025-11-17,JobLevelChange,D001,M,JL4,Active
E0351,2025-11-18,9999-12-31,DepartmentChange,D006,M,JL4,Active
E0352,2019-12-24,2020-01-21,Hire,D002,M,JL3,Active
E0352,2020-01-22,2020-03-07,DepartmentChange,D007,M,JL3,Active
E0352,2020-03-08,2020-06-16,JobLevelChange,D007,M,JL3,Active
E0352,2020-06-17,2020-06-17,Termination: Retirement,D007,M,JL3,Inactive
E0353,2025-06-24,9999-12-31,Hire,D004,F,JL6,Active
E0354,2023-03-15,2023-11-08,Hire,D006,M,JL4,Active
E0354,2023-11-09,2024-05-28,Promotion,D006,M,JL5,Active
E0354,2024-05-29,2024-05-29,Termination: Involuntary,D006,M,JL5,Inactive
E0355,2024-10-27,2025-04-09,Hire,D008,M,JL6,Active
E0355,2025-04-10,2025-04-10,Termination: Involuntary,D008,M,JL6,Inactive
E0356,2022-03-05,2023-07-01,Hire,D009,F,JL1,Active
E0356,2023-07-02,2024-03-26,JobLevelChange,D009,F,JL5,Active
E0356,2024-03-27,2025-03-19,Promotion,D009,F,JL6,Active
E0356,2025-03-20,9999-12-31,DepartmentChange,D009,F,JL6,Active
E0357,2023-01-13,2023-12-10,Hire,D010,F,JL5,Active
E0357,2023-12-11,9999-12-31,JobLevelChange,D010,F,JL6,Active
E0358,2020-11-09,2022-04-29,Hire,D004,M,JL6,Active
E0358,2022-04-30,2023-03-04,JobLevelChange,D004,M,JL6,Active
E0358,2023-03-05,2023-08-05,Promotion,D004,M,JL6,Active
E0358,2023-08-06,2024-07-13,DepartmentChange,D009,M,JL6,Active
E0358,2024-07-14,2024-10-05,JobLevelChange,D009,M,JL4,Active
E0358,2024-10-06,2025-10-12,DepartmentChange,D001,M,JL4,Active
E0358,2025-10-13,2025-10-13,Termination: Retirement,D001,M,JL4,Inactive
E0359,2019-03-09,2019-10-10,Hire,D006,M,JL1,Active
E0359,2019-10-11,2020-10-14,Promotion,D006,M,JL2,Active
E0359,2020-10-15,2021-09-29,DepartmentChange,D007,M,JL2,Active
E0359,2021-09-30,2023-02-10,Promotion,D007,M,JL3,Active
E0359,2023-02-11,9999-12-31,DepartmentChange,D008,M,JL3,Active
E0360,2021-04-21,9999-12-31,Hire,D009,F,JL4,Active
E0361,2022-05-25,2022-12-06,Hire,D010,M,JL2,Active
E0361,2022-12-07,2023-05-27,Promotion,D010,M,JL3,Active
E0361,2023-05-28,2023-12-05,Promotion,D010,M,JL4,Active
E0361,2023-12-06,9999-12-31,JobLevelChange,D010,M,JL3,Active
E0362,2022-09-24,2023-07-28,Hire,D001,M,JL4,Active
E0362,2023-07-29,2024-06-30,JobLevelChange,D001,M,JL1,Active
E0362,2024-07-01,2025-01-08,DepartmentChange,D009,M,JL1,Active
E0362,2025-01-09,2025-07-24,DepartmentChange,D009,M,JL1,Active
E0362,2025-07-25,2025-07-25,Termination: Retirement,D009,M,JL1,Inactive
E0363,2021-03-03,9999-12-31,Hire,D005,F,JL4,Active
E0364,2023-05-12,2023-07-13,Hire,D009,F,JL1,Active
E0364,2023-07-14,2023-11-12,DepartmentChange,D009,F,JL1,Active
E0364,2023-11-13,2024-01-01,Promotion,D009,F,JL2,Active
E0364,2024-01-02,2024-01-16,Promotion,D009,F,JL3,Active
E0364,2024-01-17,2024-01-17,Termination: Involuntary,D009,F,JL3,Inactive
E0365,2024-06-28,2024-10-14,Hire,D007,F,JL2,Active
E0365,2024-10-15,2025-06-13,JobLevelChange,D007,F,JL1,Active
E0365,2025-06-14,9999-12-31,JobLevelChange,D007,F,JL5,Active
E0366,2020-06-26,2021-09-02,Hire,D009,F,JL6,Active
E0366,2021-09-03,2022-01-11,JobLevelChange,D009,F,JL5,Active
E0366,2022-01-12,2022-04-13,DepartmentChange,D002,F,JL5,Active
E0366,2022-04-14,9999-12-31,JobLevelChange,D002,F,JL6,Active
E0367,2025-03-17,2025-05-29,Hire,D002,M,JL5,Active
E0367,2025-05-30,2025-07-03,JobLevelChange,D002,M,JL6,Active
E0367,2025-07-04,2025-07-04,Termination: Retirement,D002,M,JL6,Inactive
E0368,2022-06-05,2023-11-23,Hire,D005,F,JL5,Active
E0368,2023-11-24,2024-11-08,Promotion,D005,F,JL6,Active
E0368,2024-11-09,2025-08-10,Promotion,D005,F,JL6,Active
E0368,2025-08-11,2025-08-29,JobLevelChange,D005,F,JL2,Active
E0368,2025-08-30,2025-08-30,Termination: Involuntary,D005,F,JL2,Inactive
E0369,2021-03-29,9999-12-31,Hire,D005,F,JL1,Active
E0370,2020-07-13,2021-03-18,Hire,D004,M,JL1,Active
E0370,2021-03-19,2022-09-02,DepartmentChange,D007,M,JL1,Active
E0370,2022-09-03,2023-01-18,DepartmentChange,D004,M,JL1,Active
E0370,2023-01-19,9999-12-31,JobLevelChange,D004,M,JL1,Active
E0371,2023-04-27,9999-12-31,Hire,D003,M,JL4,Active
E0372,2019-11-10,2020-04-05,Hire,D006,F,JL5,Active
E0372,2020-04-06,2020-08-28,DepartmentChange,D007,F,JL5,Active
E0372,2020-08-29,9999-12-31,Promotion,D007,F,JL6,Active
E0373,2020-07-02,2021-09-10,Hire,D010,M,JL3,Active
E0373,2021-09-11,9999-12-31,JobLevelChange,D010,M,JL5,Active
E0374,2022-08-29,2023-04-11,Hire,D004,F,JL1,Active
E0374,2023-04-12,2023-06-02,JobLevelChange,D004,F,JL3,Active
E0374,2023-06-03,2024-10-10,Promotion,D004,F,JL4,Active
E0374,2024-10-11,9999-12-31,JobLevelChange,D004,F,JL5,Active
E0375,2021-02-09,2022-02-12,Hire,D001,F,JL1,Active
E0375,2022-02-13,9999-12-31,Promotion,D001,F,JL2,Active
E0376,2019-04-10,2020-01-16,Hire,D008,M,JL2,Active
E0376,2020-01-17,2020-06-04,Promotion,D008,M,JL3,Active
E0376,2020-06-05,2021-03-20,DepartmentChange,D006,M,JL3,Active
E0376,2021-03-21,2021-03-21,Termination: Voluntary,D006,M,JL3,Inactive
E0377,2023-10-20,2025-04-20,Hire,D003,F,JL5,Active
E0377,2025-04-21,2025-10-31,JobLevelChange,D003,F,JL5,Active
E0377,2025-11-01,9999-12-31,Promotion,D003,F,JL6,Active
E0378,2020-11-14,2021-03-13,Hire,D006,F,JL2,Active
E0378,2021-03-14,2022-10-29,DepartmentChange,D002,F,JL2,Active
E0378,2022-10-30,2024-04-21,DepartmentChange,D003,F,JL2,Active
E0378,2024-04-22,9999-12-31,JobLevelChange,D003,F,JL1,Active
E0379,2023-09-16,2024-04-17,Hire,D005,F,JL1,Active
E0379,2024-04-18,9999-12-31,DepartmentChange,D010,F,JL1,Active
E0380,2025-03-27,2025-09-02,Hire,D010,M,JL6,Active
E0380,2025-09-03,2025-10-16,Promotion,D010,M,JL6,Active
E0380,2025-10-17,9999-12-31,JobLevelChange,D010,M,JL2,Active
E0381,2022-03-07,2023-07-30,Hire,D002,M,JL1,Active
E0381,2023-07-31,9999-12-31,JobLevelChange,D002,M,JL5,Active
E0382,2019-07-29,2019-08-15,Hire,D005,M,JL4,Active
E0382,2019-08-16,2019-09-04,Promotion,D005,M,JL5,Active
E0382,2019-09-05,2019-09-23,Promotion,D005,M,JL6,Active
E0382,2019-09-24,2019-09-24,Termination: Voluntary,D005,M,JL6,Inactive
E0383,2025-07-03,9999-12-31,Hire,D007,M,JL4,Active
E0384,2022-03-23,2023-01-15,Hire,D004,M,JL6,Active
E0384,2023-01-16,2023-06-01,DepartmentChange,D006,M,JL6,Active
E0384,2023-06-02,2024-01-22,JobLevelChange,D006,M,JL5,Active
E0384,2024-01-23,2025-03-06,DepartmentChange,D010,M,JL5,Active
E0384,2025-03-07,2025-03-07,Termination: Voluntary,D010,M,JL5,Inactive
E0385,2021-10-20,2023-05-30,Hire,D006,F,JL4,Active
E0385,2023-05-31,2023-05-31,Termination: Voluntary,D006,F,JL4,Inactive
E0386,2020-03-22,2021-09-03,Hire,D003,M,JL6,Active
E0386,2021-09-04,9999-12-31,DepartmentChange,D007,M,JL6,Active
E0387,2025-01-09,2025-08-25,Hire,D002,F,JL5,Active
E0387,2025-08-26,9999-12-31,Promotion,D002,F,JL6,Active
E0388,2023-04-09,2023-12-16,Hire,D007,M,JL5,Active
E0388,2023-12-17,9999-12-31,DepartmentChange,D007,M,JL5,Active
E0389,2021-09-04,2023-03-26,Hire,D005,M,JL1,Active
E0389,2023-03-27,2024-11-09,Promotion,D005,M,JL2,Active
E0389,2024-11-10,2025-09-24,JobLevelChange,D005,M,JL6,Active
E0389,2025-09-25,2025-12-12,JobLevelChange,D005,M,JL4,Active
E0389,2025-12-13,2025-12-13,Termination: Retirement,D005,M,JL4,Inactive
E0390,2019-05-01,2020-11-22,Hire,D008,M,JL1,Active
E0390,2020-11-23,2021-12-01,Promotion,D008,M,JL2,Active
E0390,2021-12-02,2022-04-08,JobLevelChange,D008,M,JL5,Active
E0390,2022-04-09,9999-12-31,DepartmentChange,D001,M,JL5,Active
E0391,2021-09-08,2022-03-24,Hire,D010,F,JL1,Active
E0391,2022-03-25,2023-10-31,JobLevelChange,D010,F,JL5,Active
E0391,2023-11-01,2025-01-08,JobLevelChange,D010,F,JL3,Active
E0391,2025-01-09,2025-02-10,Promotion,D010,F,JL4,Active
E0391,2025-02-11,2025-09-06,Promotion,D010,F,JL5,Active
E0391,2025-09-07,2025-09-07,Termination: Involuntary,D010,F,JL5,Inactive
E0392,2025-01-20,9999-12-31,Hire,D001,M,JL5,Active
E0393,2024-12-23,9999-12-31,Hire,D006,M,JL5,Active
E0394,2024-08-23,2025-09-24,Hire,D008,F,JL3,Active
E0394,2025-09-25,9999-12-31,JobLevelChange,D008,F,JL6,Active
E0395,2024-01-21,2024-11-13,Hire,D008,M,JL4,Active
E0395,2024-11-14,9999-12-31,JobLevelChange,D008,M,JL1,Active
E0396,2023-01-25,2024-08-31,Hire,D004,M,JL5,Active
E0396,2024-09-01,9999-12-31,DepartmentChange,D003,M,JL5,Active
E0397,2020-09-06,2021-07-12,Hire,D004,F,JL4,Active
E0397,2021-07-13,2021-12-01,Promotion,D004,F,JL5,Active
E0397,2021-12-02,2025-05-23,DepartmentChange,D009,F,JL5,Active
E0397,2025-05-24,2025-05-24,Termination: Involuntary,D009,F,JL5,Inactive
E0398,2023-07-16,2024-11-07,Hire,D010,M,JL4,Active
E0398,2024-11-08,2025-07-22,Promotion,D010,M,JL5,Active
E0398,2025-07-23,2025-07-23,Termination: Involuntary,D010,M,JL5,Inactive
E0399,2023-08-22,2024-02-22,Hire,D003,F,JL1,Active
E0399,2024-02-23,2024-05-18,DepartmentChange,D002,F,JL1,Active
E0399,2024-05-19,2024-06-11,JobLevelChange,D002,F,JL4,Active
E0399,2024-06-12,2024-06-12,Termination: Voluntary,D002,F,JL4,Inactive
E0401,2024-08-28,2024-12-12,Hire,D006,M,JL1,Active
E0401,2024-12-13,2025-08-20,Promotion,D006,M,JL2,Active
E0401,2025-08-21,2025-08-21,Termination: Involuntary,D006,M,JL2,Inactive
E0402,2023-03-18,2024-09-17,Hire,D008,M,JL1,Active
E0402,2024-09-18,2025-03-16,JobLevelChange,D008,M,JL1,Active
E0402,2025-03-17,2025-04-24,Promotion,D008,M,JL2,Active
E0402,2025-04-25,9999-12-31,DepartmentChange,D004,M,JL2,Active
E0403,2022-03-07,2022-12-08,Hire,D005,F,JL1,Active
E0403,2022-12-09,2023-06-25,DepartmentChange,D002,F,JL1,Active
E0403,2023-06-26,2023-11-21,JobLevelChange,D002,F,JL1,Active
E0403,2023-11-22,2025-05-26,DepartmentChange,D010,F,JL1,Active
E0403,2025-05-27,9999-12-31,JobLevelChange,D010,F,JL6,Active
E0404,2022-12-23,2024-06-16,Hire,D010,M,JL3,Active
E0404,2024-06-17,9999-12-31,JobLevelChange,D010,M,JL2,Active
E0405,2023-07-31,2024-03-11,Hire,D009,M,JL1,Active
E0405,2024-03-12,2025-07-10,Promotion,D009,M,JL2,Active
E0405,2025-07-11,2025-07-30,JobLevelChange,D009,M,JL2,Active
E0405,2025-07-31,2025-07-31,Termination: Involuntary,D009,M,JL2,Inactive
E0406,2022-12-11,2023-06-20,Hire,D009,F,JL1,Active
E0406,2023-06-21,9999-12-31,DepartmentChange,D008,F,JL1,Active
E0407,2025-11-30,9999-12-31,Hire,D006,M,JL6,Active
E0408,2020-05-08,2020-09-10,Hire,D003,F,JL5,Active
E0408,2020-09-11,2022-01-10,DepartmentChange,D001,F,JL5,Active
E0408,2022-01-11,2023-02-11,DepartmentChange,D009,F,JL5,Active
E0408,2023-02-12,9999-12-31,DepartmentChange,D002,F,JL5,Active
E0409,2020-01-06,2021-05-19,Hire,D009,M,JL6,Active
E0409,2021-05-20,2022-04-30,DepartmentChange,D005,M,JL6,Active
E0409,2022-05-01,2023-06-19,JobLevelChange,D005,M,JL3,Active
E0409,2023-06-20,2023-12-09,JobLevelChange,D005,M,JL2,Active
E0409,2023-12-10,2023-12-10,Termination: Retirement,D005,M,JL2,Inactive
E0410,2021-09-29,2023-03-05,Hire,D005,F,JL1,Active
E0410,2023-03-06,2023-12-20,DepartmentChange,D008,F,JL1,Active
E0410,2023-12-21,2025-07-12,Promotion,D008,F,JL2,Active
E0410,2025-07-13,9999-12-31,Promotion,D008,F,JL3,Active
E0411,2020-06-20,2022-01-27,Hire,D005,F,JL2,Active
E0411,2022-01-28,2022-04-12,JobLevelChange,D005,F,JL6,Active
E0411,2022-04-13,2022-09-08,Promotion,D005,F,JL6,Active
E0411,2022-09-09,2022-09-09,Termination: Retirement,D005,F,JL6,Inactive
E0412,2019-04-24,2019-06-03,Hire,D010,M,JL5,Active
E0412,2019-06-04,2020-04-13,Promotion,D010,M,JL6,Active
E0412,2020-04-14,9999-12-31,Promotion,D010,M,JL6,Active
E0413,2023-03-07,2023-04-12,Hire,D006,F,JL5,Active
E0413,2023-04-13,9999-12-31,DepartmentChange,D004,F,JL5,Active
E0414,2025-04-25,2025-10-08,Hire,D010,M,JL5,Active
E0414,2025-10-09,2025-10-09,Termination: Voluntary,D010,M,JL5,Inactive
E0415,2021-09-03,2022-03-28,Hire,D006,F,JL4,Active
E0415,2022-03-29,2023-04-28,JobLevelChange,D006,F,JL4,Active
E0415,2023-04-29,2024-02-28,JobLevelChange,D006,F,JL3,Active
E0415,2024-02-29,2024-11-10,Promotion,D006,F,JL4,Active
E0415,2024-11-11,9999-12-31,Promotion,D006,F,JL5,Active
E0416,2019-11-30,9999-12-31,Hire,D007,F,JL6,Active
E0417,2025-03-22,2025-05-14,Hire,D005,F,JL3,Active
E0417,2025-05-15,9999-12-31,DepartmentChange,D001,F,JL3,Active
E0418,2022-01-14,2022-09-27,Hire,D010,M,JL6,Active
E0418,2022-09-28,2022-11-19,Promotion,D010,M,JL6,Active
E0418,2022-11-20,2023-04-29,DepartmentChange,D004,M,JL6,Active
E0418,2023-04-30,2023-07-17,JobLevelChange,D004,M,JL1,Active
E0418,2023-07-18,9999-12-31,DepartmentChange,D001,M,JL1,Active
E0419,2019-03-20,2020-06-16,Hire,D008,M,JL5,Active
E0419,2020-06-17,2021-05-12,DepartmentChange,D003,M,JL5,Active
E0419,2021-05-13,2022-07-20,JobLevelChange,D003,M,JL5,Active
E0419,2022-07-21,2024-02-16,DepartmentChange,D002,M,JL5,Active
E0419,2024-02-17,9999-12-31,JobLevelChange,D002,M,JL4,Active
E0420,2021-03-19,2021-10-29,Hire,D009,M,JL3,Active
E0420,2021-10-30,2021-12-23,JobLevelChange,D009,M,JL4,Active
E0420,2021-12-24,2023-05-26,Promotion,D009,M,JL5,Active
E0420,2023-05-27,2024-01-29,JobLevelChange,D009,M,JL5,Active
E0420,2024-01-30,2024-06-30,JobLevelChange,D009,M,JL1,Active
E0420,2024-07-01,2024-07-01,Termination: Retirement,D009,M,JL1,Inactive
E0421,2024-02-02,2024-10-27,Hire,D003,F,JL1,Active
E0421,2024-10-28,2025-07-03,Promotion,D003,F,JL2,Active
E0421,2025-07-04,2025-07-04,Termination: Voluntary,D003,F,JL2,Inactive
E0422,2022-07-08,2022-11-19,Hire,D003,F,JL4,Active
E0422,2022-11-20,9999-12-31,Promotion,D003,F,JL5,Active
E0423,2020-02-20,2020-05-08,Hire,D010,M,JL4,Active
E0423,2020-05-09,9999-12-31,Promotion,D010,M,JL5,Active
E0424,2023-01-18,2024-06-07,Hire,D006,F,JL3,Active
E0424,2024-06-08,2025-02-14,JobLevelChange,D006,F,JL3,Active
E0424,2025-02-15,9999-12-31,JobLevelChange,D006,F,JL3,Active
E0425,2020-03-24,2020-06-02,Hire,D004,M,JL4,Active
E0425,2020-06-03,2021-07-29,DepartmentChange,D002,M,JL4,Active
E0425,2021-07-30,2022-11-04,Promotion,D002,M,JL5,Active
E0425,2022-11-05,9999-12-31,Promotion,D002,M,JL6,Active
E0426,2022-05-23,2023-07-26,Hire,D004,M,JL5,Active
E0426,2023-07-27,2023-11-07,DepartmentChange,D003,M,JL5,Active
E0426,2023-11-08,2024-11-13,Promotion,D003,M,JL6,Active
E0426,2024-11-14,9999-12-31,Promotion,D003,M,JL6,Active
E0427,2020-04-15,2020-07-07,Hire,D010,F,JL1,Active
E0427,2020-07-08,2020-07-29,DepartmentChange,D004,F,JL1,Active
E0427,2020-07-30,2020-08-03,Promotion,D004,F,JL2,Active
E0427,2020-08-04,2020-08-27,DepartmentChange,D004,F,JL2,Active
E0427,2020-08-28,2020-10-09,DepartmentChange,D007,F,JL2,Active
E0427,2020-10-10,2020-11-15,Promotion,D007,F,JL3,Active
E0427,2020-11-16,2020-11-16,Termination: Voluntary,D007,F,JL3,Inactive
E0428,2024-08-15,2025-11-20,Hire,D004,F,JL4,Active
E0428,2025-11-21,9999-12-31,Promotion,D004,F,JL5,Active
E0429,2021-03-17,2022-10-17,Hire,D004,F,JL1,Active
E0429,2022-10-18,2023-04-23,DepartmentChange,D001,F,JL1,Active
E0429,2023-04-24,2023-10-18,DepartmentChange,D010,F,JL1,Active
E0429,2023-10-19,9999-12-31,DepartmentChange,D001,F,JL1,Active
E0430,2021-03-27,2022-03-21,Hire,D003,F,JL3,Active
E0430,2022-03-22,2022-07-17,Promotion,D003,F,JL4,Active
E0430,2022-07-18,2023-12-31,JobLevelChange,D003,F,JL2,Active
E0430,2024-01-01,2024-02-12,Promotion,D003,F,JL3,Active
E0430,2024-02-13,2025-07-10,Promotion,D003,F,JL4,Active
E0430,2025-07-11,9999-12-31,JobLevelChange,D003,F,JL1,Active
E0431,2023-09-13,2025-08-26,Hire,D003,F,JL6,Active
E0431,2025-08-27,2025-08-27,Termination: Retirement,D003,F,JL6,Inactive
E0432,2020-12-03,2022-03-21,Hire,D008,F,JL3,Active
E0432,2022-03-22,2023-01-07,JobLevelChange,D008,F,JL5,Active
E0432,2023-01-08,2024-05-14,Promotion,D008,F,JL6,Active
E0432,2024-05-15,9999-12-31,Promotion,D008,F,JL6,Active
E0433,2019-02-20,2019-09-09,Hire,D001,M,JL1,Active
E0433,2019-09-10,9999-12-31,JobLevelChange,D001,M,JL3,Active
E0434,2025-01-25,2025-03-15,Hire,D005,F,JL4,Active
E0434,2025-03-16,9999-12-31,Promotion,D005,F,JL5,Active
E0435,2019-08-21,9999-12-31,Hire,D007,M,JL4,Active
E0436,2021-01-13,2021-02-17,Hire,D008,F,JL2,Active
E0436,2021-02-18,9999-12-31,Promotion,D008,F,JL3,Active
E0437,2025-03-12,2025-08-26,Hire,D002,M,JL5,Active
E0437,2025-08-27,2025-08-27,Termination: Voluntary,D002,M,JL5,Inactive
E0438,2021-09-27,2022-06-29,Hire,D006,M,JL6,Active
E0438,2022-06-30,2022-09-30,DepartmentChange,D002,M,JL6,Active
E0438,2022-10-01,2023-02-13,JobLevelChange,D002,M,JL4,Active
E0438,2023-02-14,2023-06-29,DepartmentChange,D005,M,JL4,Active
E0438,2023-06-30,2024-10-13,Promotion,D005,M,JL5,Active
E0438,2024-10-14,9999-12-31,JobLevelChange,D005,M,JL1,Active
E0439,2022-01-04,9999-12-31,Hire,D010,M,JL4,Active
E0440,2019-11-16,2020-02-22,Hire,D008,M,JL4,Active
E0440,2020-02-23,2020-05-06,DepartmentChange,D009,M,JL4,Active
E0440,2020-05-07,2021-01-27,DepartmentChange,D002,M,JL4,Active
E0440,2021-01-28,9999-12-31,JobLevelChange,D002,M,JL4,Active
E0441,2021-10-20,2022-12-07,Hire,D005,F,JL1,Active
E0441,2022-12-08,2023-12-21,DepartmentChange,D005,F,JL1,Active
E0441,2023-12-22,2025-06-19,Promotion,D005,F,JL2,Active
E0441,2025-06-20,9999-12-31,JobLevelChange,D005,F,JL6,Active
E0442,2025-06-15,2025-10-21,Hire,D002,M,JL1,Active
E0442,2025-10-22,9999-12-31,Promotion,D002,M,JL2,Active
E0443,2022-10-09,2023-12-17,Hire,D009,F,JL1,Active
E0443,2023-12-18,2025-03-07,DepartmentChange,D003,F,JL1,Active
E0443,2025-03-08,2025-08-22,JobLevelChange,D003,F,JL6,Active
E0443,2025-08-23,2025-09-23,JobLevelChange,D003,F,JL2,Active
E0443,2025-09-24,2025-12-24,Promotion,D003,F,JL3,Active
E0443,2025-12-25,2025-12-25,Termination: Involuntary,D003,F,JL3,Inactive
E0444,2023-02-18,2024-06-04,Hire,D002,M,JL5,Active
E0444,2024-06-05,2025-10-16,DepartmentChange,D001,M,JL5,Active
E0444,2025-10-17,9999-12-31,DepartmentChange,D008,M,JL5,Active
E0445,2020-02-20,2021-06-25,Hire,D006,M,JL3,Active
E0445,2021-06-26,2022-06-16,Promotion,D006,M,JL4,Active
E0445,2022-06-17,2023-09-29,DepartmentChange,D001,M,JL4,Active
E0445,2023-09-30,9999-12-31,JobLevelChange,D001,M,JL5,Active
E0446,2022-07-17,2023-09-01,Hire,D008,M,JL6,Active
E0446,2023-09-02,2025-01-19,Promotion,D008,M,JL6,Active
E0446,2025-01-20,9999-12-31,Promotion,D008,M,JL6,Active
E0447,2019-02-24,2019-04-13,Hire,D001,M,JL2,Active
E0447,2019-04-14,2020-04-06,Promotion,D001,M,JL3,Active
E0447,2020-04-07,2020-09-14,JobLevelChange,D001,M,JL4,Active
E0447,2020-09-15,2021-10-20,DepartmentChange,D004,M,JL4,Active
E0447,2021-10-21,2022-03-24,JobLevelChange,D004,M,JL6,Active
E0447,2022-03-25,9999-12-31,DepartmentChange,D002,M,JL6,Active
E0448,2025-02-16,9999-12-31,Hire,D007,F,JL4,Active
E0449,2024-02-01,9999-12-31,Hire,D006,F,JL5,Active
E0450,2022-02-02,9999-12-31,Hire,D003,M,JL6,Active
E0451,2021-12-11,2023-06-21,Hire,D008,F,JL2,Active
E0451,2023-06-22,9999-12-31,Promotion,D008,F,JL3,Active
E0452,2024-10-01,2025-08-17,Hire,D003,M,JL2,Active
E0452,2025-08-18,2025-08-18,Termination: Involuntary,D003,M,JL2,Inactive
E0453,2025-05-21,9999-12-31,Hire,D003,F,JL3,Active
E0454,2023-03-27,2023-10-08,Hire,D008,F,JL2,Active
E0454,2023-10-09,2024-01-31,DepartmentChange,D001,F,JL2,Active
E0454,2024-02-01,2025-09-17,Promotion,D001,F,JL3,Active
E0454,2025-09-18,9999-12-31,JobLevelChange,D001,F,JL6,Active
E0455,2024-05-21,2024-12-02,Hire,D007,F,JL2,Active
E0455,2024-12-03,2025-01-24,DepartmentChange,D002,F,JL2,Active
E0455,2025-01-25,9999-12-31,DepartmentChange,D006,F,JL2,Active
E0456,2024-07-31,9999-12-31,Hire,D009,F,JL1,Active
E0457,2022-02-05,2022-06-09,Hire,D003,F,JL2,Active
E0457,2022-06-10,2022-06-10,Termination: Involuntary,D003,F,JL2,Inactive
E0458,2019-04-08,2019-08-10,Hire,D004,M,JL2,Active
E0458,2019-08-11,2020-12-16,Promotion,D004,M,JL3,Active
E0458,2020-12-17,9999-12-31,Promotion,D004,M,JL4,Active
E0459,2023-06-30,2025-01-22,Hire,D009,F,JL5,Active
E0459,2025-01-23,2025-08-07,JobLevelChange,D009,F,JL6,Active
E0459,2025-08-08,9999-12-31,DepartmentChange,D005,F,JL6,Active
E0460,2020-09-21,9999-12-31,Hire,D007,F,JL6,Active
E0461,2021-09-13,2022-10-03,Hire,D009,M,JL4,Active
E0461,2022-10-04,2024-03-02,DepartmentChange,D002,M,JL4,Active
E0461,2024-03-03,2024-05-11,JobLevelChange,D002,M,JL5,Active
E0461,2024-05-12,2025-10-27,JobLevelChange,D002,M,JL4,Active
E0461,2025-10-28,9999-12-31,DepartmentChange,D004,M,JL4,Active
E0462,2020-10-16,2021-12-24,Hire,D002,M,JL2,Active
E0462,2021-12-25,2022-04-28,DepartmentChange,D002,M,JL2,Active
E0462,2022-04-29,2023-09-07,Promotion,D002,M,JL3,Active
E0462,2023-09-08,2024-12-29,JobLevelChange,D002,M,JL2,Active
E0462,2024-12-30,9999-12-31,DepartmentChange,D004,M,JL2,Active
E0463,2021-08-15,2021-09-20,Hire,D003,M,JL5,Active
E0463,2021-09-21,2022-11-14,Promotion,D003,M,JL6,Active
E0463,2022-11-15,2023-04-17,Promotion,D003,M,JL6,Active
E0463,2023-04-18,2024-09-06,DepartmentChange,D004,M,JL6,Active
E0463,2024-09-07,9999-12-31,Promotion,D004,M,JL6,Active
E0464,2020-07-15,2022-01-27,Hire,D002,F,JL6,Active
E0464,2022-01-28,2022-04-07,JobLevelChange,D002,F,JL2,Active
E0464,2022-04-08,2022-10-14,Promotion,D002,F,JL3,Active
E0464,2022-10-15,9999-12-31,DepartmentChange,D007,F,JL3,Active
E0465,2025-08-10,2025-08-11,Hire,D004,M,JL6,Active
E0465,2025-08-12,2025-08-12,Termination: Involuntary,D004,M,JL6,Inactive
E0466,2021-07-01,2022-07-02,Hire,D003,M,JL3,Active
E0466,2022-07-03,2023-07-09,Promotion,D003,M,JL4,Active
E0466,2023-07-10,2024-02-29,JobLevelChange,D003,M,JL5,Active
E0466,2024-03-01,9999-12-31,Promotion,D003,M,JL6,Active
E0467,2021-11-07,2022-10-31,Hire,D004,F,JL3,Active
E0467,2022-11-01,2023-05-04,JobLevelChange,D004,F,JL1,Active
E0467,2023-05-05,2023-06-27,Promotion,D004,F,JL2,Active
E0467,2023-06-28,2023-10-31,DepartmentChange,D008,F,JL2,Active
E0467,2023-11-01,2023-11-01,Termination: Involuntary,D008,F,JL2,Inactive
E0468,2022-10-28,9999-12-31,Hire,D002,F,JL6,Active
E0469,2020-05-03,2021-06-18,Hire,D009,M,JL2,Active
E0469,2021-06-19,9999-12-31,DepartmentChange,D001,M,JL2,Active
E0470,2019-04-03,2019-10-15,Hire,D009,M,JL5,Active
E0470,2019-10-16,2020-02-16,DepartmentChange,D002,M,JL5,Active
E0470,2020-02-17,2021-03-30,DepartmentChange,D004,M,JL5,Active
E0470,2021-03-31,2022-07-13,Promotion,D004,M,JL6,Active
E0470,2022-07-14,2022-09-24,DepartmentChange,D004,M,JL6,Active
E0470,2022-09-25,9999-12-31,JobLevelChange,D004,M,JL2,Active
E0471,2021-10-18,2023-05-15,Hire,D007,M,JL4,Active
E0471,2023-05-16,9999-12-31,Promotion,D007,M,JL5,Active
E0472,2020-02-21,2021-05-20,Hire,D002,M,JL3,Active
E0472,2021-05-21,2022-10-19,JobLevelChange,D002,M,JL6,Active
E0472,2022-10-20,2024-03-25,JobLevelChange,D002,M,JL3,Active
E0472,2024-03-26,2024-04-29,JobLevelChange,D002,M,JL1,Active
E0472,2024-04-30,2024-10-19,DepartmentChange,D005,M,JL1,Active
E0472,2024-10-20,2024-11-04,DepartmentChange,D008,M,JL1,Active
E0472,2024-11-05,2024-11-05,Termination: Retirement,D008,M,JL1,Inactive
E0473,2024-10-21,9999-12-31,Hire,D001,M,JL6,Active
E0474,2025-06-24,9999-12-31,Hire,D006,M,JL3,Active
E0475,2020-09-12,2021-09-15,Hire,D009,M,JL5,Active
E0475,2021-09-16,2023-03-16,JobLevelChange,D009,M,JL3,Active
E0475,2023-03-17,2024-03-30,Promotion,D009,M,JL4,Active
E0475,2024-03-31,2024-06-07,JobLevelChange,D009,M,JL2,Active
E0475,2024-06-08,2025-03-23,JobLevelChange,D009,M,JL2,Active
E0475,2025-03-24,9999-12-31,Promotion,D009,M,JL3,Active
E0476,2024-01-11,2024-08-31,Hire,D001,F,JL3,Active
E0476,2024-09-01,2025-07-13,Promotion,D001,F,JL4,Active
E0476,2025-07-14,9999-12-31,Promotion,D001,F,JL5,Active
E0477,2020-04-30,2021-10-06,Hire,D010,F,JL6,Active
E0477,2021-10-07,2022-05-26,Promotion,D010,F,JL6,Active
E0477,2022-05-27,2022-06-22,JobLevelChange,D010,F,JL5,Active
E0477,2022-06-23,2022-06-23,DepartmentChange,D004,F,JL5,Active
E0477,2022-06-24,2022-06-29,DepartmentChange,D005,F,JL5,Active
E0477,2022-06-30,2022-06-30,Termination: Voluntary,D005,F,JL5,Inactive
E0478,2024-03-22,9999-12-31,Hire,D008,F,JL3,Active
E0479,2020-08-04,2020-09-08,Hire,D010,M,JL1,Active
E0479,2020-09-09,2022-02-14,JobLevelChange,D010,M,JL3,Active
E0479,2022-02-15,2023-07-20,DepartmentChange,D005,M,JL3,Active
E0479,2023-07-21,2024-10-22,JobLevelChange,D005,M,JL2,Active
E0479,2024-10-23,9999-12-31,Promotion,D005,M,JL3,Active
E0480,2024-09-01,2024-11-18,Hire,D005,M,JL4,Active
E0480,2024-11-19,2025-12-14,JobLevelChange,D005,M,JL4,Active
E0480,2025-12-15,2025-12-15,Termination: Involuntary,D005,M,JL4,Inactive
E0481,2024-02-12,2024-04-06,Hire,D004,M,JL6,Active
E0481,2024-04-07,2025-02-04,JobLevelChange,D004,M,JL4,Active
E0481,2025-02-05,9999-12-31,JobLevelChange,D004,M,JL5,Active
E0482,2022-05-19,2022-12-11,Hire,D006,F,JL1,Active
E0482,2022-12-12,2023-05-16,JobLevelChange,D006,F,JL6,Active
E0482,2023-05-17,2024-09-26,JobLevelChange,D006,F,JL2,Active
E0482,2024-09-27,9999-12-31,Promotion,D006,F,JL3,Active
E0483,2023-08-06,2024-12-15,Hire,D006,M,JL6,Active
E0483,2024-12-16,9999-12-31,JobLevelChange,D006,M,JL6,Active
E0484,2021-05-12,2022-04-06,Hire,D006,M,JL2,Active
E0484,2022-04-07,2024-08-05,JobLevelChange,D006,M,JL2,Active
E0484,2024-08-06,2024-08-06,Termination: Involuntary,D006,M,JL2,Inactive
E0485,2025-01-10,9999-12-31,Hire,D006,F,JL2,Active
E0486,2019-08-14,2020-11-11,Hire,D002,M,JL2,Active
E0486,2020-11-12,2021-03-18,Promotion,D002,M,JL3,Active
E0486,2021-03-19,2021-10-12,Promotion,D002,M,JL4,Active
E0486,2021-10-13,2025-03-26,JobLevelChange,D002,M,JL4,Active
E0486,2025-03-27,2025-03-27,Termination: Voluntary,D002,M,JL4,Inactive
E0487,2022-03-07,2023-01-02,Hire,D002,F,JL4,Active
E0487,2023-01-03,2023-07-24,JobLevelChange,D002,F,JL3,Active
E0487,2023-07-25,2024-03-27,JobLevelChange,D002,F,JL4,Active
E0487,2024-03-28,9999-12-31,Promotion,D002,F,JL5,Active
E0488,2024-08-26,9999-12-31,Hire,D001,F,JL1,Active
E0489,2021-02-13,2021-12-24,Hire,D007,M,JL6,Active
E0489,2021-12-25,2025-05-25,DepartmentChange,D010,M,JL6,Active
E0489,2025-05-26,2025-05-26,Termination: Voluntary,D010,M,JL6,Inactive
E0490,2022-10-12,2024-05-27,Hire,D001,F,JL4,Active
E0490,2024-05-28,9999-12-31,DepartmentChange,D005,F,JL4,Active
E0491,2022-11-26,2023-11-15,Hire,D003,F,JL6,Active
E0491,2023-11-16,2024-03-12,JobLevelChange,D003,F,JL5,Active
E0491,2024-03-13,2025-10-12,JobLevelChange,D003,F,JL2,Active
E0491,2025-10-13,9999-12-31,Promotion,D003,F,JL3,Active
E0492,2022-11-11,2024-06-01,Hire,D010,F,JL1,Active
E0492,2024-06-02,2025-07-05,Promotion,D010,F,JL2,Active
E0492,2025-07-06,9999-12-31,DepartmentChange,D008,F,JL2,Active
E0493,2022-08-09,2022-12-12,Hire,D004,M,JL2,Active
E0493,2022-12-13,2023-03-27,DepartmentChange,D010,M,JL2,Active
E0493,2023-03-28,2023-11-27,JobLevelChange,D010,M,JL2,Active
E0493,2023-11-28,2025-01-10,DepartmentChange,D009,M,JL2,Active
E0493,2025-01-11,9999-12-31,Promotion,D009,M,JL3,Active
E0494,2023-09-16,2024-05-02,Hire,D007,M,JL2,Active
E0494,2024-05-03,2025-01-19,DepartmentChange,D006,M,JL2,Active
E0494,2025-01-20,9999-12-31,DepartmentChange,D006,M,JL2,Active
E0495,2024-06-01,2024-08-01,Hire,D008,F,JL3,Active
E0495,2024-08-02,9999-12-31,Promotion,D008,F,JL4,Active
E0496,2024-11-08,9999-12-31,Hire,D008,F,JL1,Active
E0497,2022-03-06,2022-09-21,Hire,D002,M,JL5,Active
E0497,2022-09-22,2023-01-22,DepartmentChange,D006,M,JL5,Active
E0497,2023-01-23,9999-12-31,Promotion,D006,M,JL6,Active
E0498,2024-07-01,2025-06-25,Hire,D006,F,JL5,Active
E0498,2025-06-26,9999-12-31,JobLevelChange,D006,F,JL2,Active
E0499,2024-01-31,2024-03-21,Hire,D002,F,JL2,Active
E0499,2024-03-22,2024-09-02,DepartmentChange,D002,F,JL2,Active
E0499,2024-09-03,2025-05-30,Promotion,D002,F,JL3,Active
E0499,2025-05-31,9999-12-31,JobLevelChange,D002,F,JL4,Active
E0500,2025-08-19,9999-12-31,Hire,D001,F,JL1,Active
E0501,2023-11-23,2024-07-17,Hire,D009,F,JL2,Active
E0501,2024-07-18,2024-09-04,Promotion,D009,F,JL3,Active
E0501,2024-09-05,9999-12-31,Promotion,D009,F,JL4,Active
E0502,2022-04-26,2022-07-31,Hire,D010,M,JL5,Active
E0502,2022-08-01,2023-11-15,DepartmentChange,D005,M,JL5,Active
E0502,2023-11-16,2025-01-06,Promotion,D005,M,JL6,Active
E0502,2025-01-07,2025-10-07,JobLevelChange,D005,M,JL5,Active
E0502,2025-10-08,9999-12-31,DepartmentChange,D008,M,JL5,Active
E0503,2023-09-02,2024-09-10,Hire,D004,M,JL2,Active
E0503,2024-09-11,9999-12-31,DepartmentChange,D003,M,JL2,Active
E0504,2020-05-24,2020-09-30,Hire,D008,M,JL4,Active
E0504,2020-10-01,9999-12-31,Promotion,D008,M,JL5,Active
E0505,2025-05-20,9999-12-31,Hire,D003,F,JL4,Active
E0506,2025-11-06,2025-12-10,Hire,D004,F,JL1,Active
E0506,2025-12-11,2025-12-11,Termination: Retirement,D004,F,JL1,Inactive
E0507,2021-02-27,2021-06-05,Hire,D009,M,JL3,Active
E0507,2021-06-06,9999-12-31,JobLevelChange,D009,M,JL2,Active
E0508,2024-10-17,2024-12-25,Hire,D002,M,JL3,Active
E0508,2024-12-26,2024-12-26,Termination: Involuntary,D002,M,JL3,Inactive
E0509,2019-03-14,2019-10-23,Hire,D006,F,JL6,Active
E0509,2019-10-24,2020-09-16,JobLevelChange,D006,F,JL4,Active
E0509,2020-09-17,9999-12-31,Promotion,D006,F,JL5,Active
E0510,2023-08-19,9999-12-31,Hire,D010,M,JL2,Active
E0511,2023-12-31,2024-12-11,Hire,D001,M,JL2,Active
E0511,2024-12-12,2025-11-23,DepartmentChange,D006,M,JL2,Active
E0511,2025-11-24,9999-12-31,DepartmentChange,D005,M,JL2,Active
E0512,2025-09-17,9999-12-31,Hire,D002,F,JL5,Active
E0513,2023-05-11,2023-08-22,Hire,D007,M,JL1,Active
E0513,2023-08-23,2024-06-17,Promotion,D007,M,JL2,Active
E0513,2024-06-18,2024-09-27,DepartmentChange,D004,M,JL2,Active
E0513,2024-09-28,9999-12-31,JobLevelChange,D004,M,JL4,Active
E0514,2020-07-03,2021-08-29,Hire,D007,F,JL2,Active
E0514,2021-08-30,2022-10-23,Promotion,D007,F,JL3,Active
E0514,2022-10-24,2023-10-16,DepartmentChange,D009,F,JL3,Active
E0514,2023-10-17,2023-11-21,JobLevelChange,D009,F,JL5,Active
E0514,2023-11-22,9999-12-31,DepartmentChange,D001,F,JL5,Active
E0515,2021-02-22,2022-02-15,Hire,D006,M,JL1,Active
E0515,2022-02-16,2023-07-17,DepartmentChange,D009,M,JL1,Active
E0515,2023-07-18,2024-06-15,JobLevelChange,D009,M,JL4,Active
E0515,2024-06-16,2025-01-25,DepartmentChange,D002,M,JL4,Active
E0515,2025-01-26,9999-12-31,DepartmentChange,D002,M,JL4,Active
E0516,2019-07-17,9999-12-31,Hire,D004,M,JL3,Active
E0517,2021-09-11,2022-10-13,Hire,D006,F,JL5,Active
E0517,2022-10-14,2022-12-24,JobLevelChange,D006,F,JL4,Active
E0517,2022-12-25,2024-05-25,JobLevelChange,D006,F,JL5,Active
E0517,2024-05-26,2024-07-19,Promotion,D006,F,JL6,Active
E0517,2024-07-20,9999-12-31,DepartmentChange,D010,F,JL6,Active
E0518,2019-08-31,2019-10-29,Hire,D003,F,JL2,Active
E0518,2019-10-30,2020-09-17,Promotion,D003,F,JL3,Active
E0518,2020-09-18,2021-10-31,JobLevelChange,D003,F,JL4,Active
E0518,2021-11-01,2022-07-06,JobLevelChange,D003,F,JL3,Active
E0518,2022-07-07,2022-12-18,DepartmentChange,D010,F,JL3,Active
E0518,2022-12-19,2024-07-07,DepartmentChange,D001,F,JL3,Active
E0518,2024-07-08,2024-07-08,Termination: Retirement,D001,F,JL3,Inactive
E0519,2024-07-29,2024-11-17,Hire,D001,M,JL4,Active
E0519,2024-11-18,9999-12-31,DepartmentChange,D003,M,JL4,Active
E0520,2021-03-12,2022-06-24,Hire,D005,F,JL1,Active
E0520,2022-06-25,2022-08-28,DepartmentChange,D009,F,JL1,Active
E0520,2022-08-29,2023-08-05,JobLevelChange,D009,F,JL1,Active
E0520,2023-08-06,2025-03-23,DepartmentChange,D009,F,JL1,Active
E0520,2025-03-24,2025-04-08,Promotion,D009,F,JL2,Active
E0520,2025-04-09,2025-08-09,Promotion,D009,F,JL3,Active
E0520,2025-08-10,2025-08-10,Termination: Retirement,D009,F,JL3,Inactive
E0521,2022-11-20,2023-06-20,Hire,D007,M,JL1,Active
E0521,2023-06-21,2023-09-05,JobLevelChange,D007,M,JL1,Active
E0521,2023-09-06,2025-02-13,Promotion,D007,M,JL2,Active
E0521,2025-02-14,2025-12-27,JobLevelChange,D007,M,JL5,Active
E0521,2025-12-28,9999-12-31,Promotion,D007,M,JL6,Active
E0522,2021-12-29,2023-08-12,Hire,D009,F,JL1,Active
E0522,2023-08-13,2025-03-11,JobLevelChange,D009,F,JL5,Active
E0522,2025-03-12,2025-07-03,DepartmentChange,D006,F,JL5,Active
E0522,2025-07-04,9999-12-31,Promotion,D006,F,JL6,Active
E0523,2025-04-03,2025-04-17,Hire,D010,F,JL3,Active
E0523,2025-04-18,2025-04-18,Termination: Retirement,D010,F,JL3,Inactive
E0524,2023-01-19,2024-04-29,Hire,D009,M,JL6,Active
E0524,2024-04-30,9999-12-31,DepartmentChange,D008,M,JL6,Active
E0525,2024-11-28,2025-03-24,Hire,D001,M,JL4,Active
E0525,2025-03-25,2025-05-03,Promotion,D001,M,JL5,Active
E0525,2025-05-04,2025-05-04,Termination: Voluntary,D001,M,JL5,Inactive
E0526,2019-04-02,2019-09-08,Hire,D002,M,JL6,Active
E0526,2019-09-09,2020-08-06,JobLevelChange,D002,M,JL2,Active
E0526,2020-08-07,2020-12-21,Promotion,D002,M,JL3,Active
E0526,2020-12-22,2022-02-23,Promotion,D002,M,JL4,Active
E0526,2022-02-24,2022-07-23,JobLevelChange,D002,M,JL2,Active
E0526,2022-07-24,2024-03-03,DepartmentChange,D009,M,JL2,Active
E0526,2024-03-04,2024-03-04,Termination: Retirement,D009,M,JL2,Inactive
E0527,2025-07-19,9999-12-31,Hire,D003,M,JL5,Active
E0528,2023-02-24,2023-10-10,Hire,D010,F,JL5,Active
E0528,2023-10-11,2025-02-25,Promotion,D010,F,JL6,Active
E0528,2025-02-26,9999-12-31,Promotion,D010,F,JL6,Active
E0529,2019-11-04,2020-07-26,Hire,D007,M,JL1,Active
E0529,2020-07-27,2020-07-27,Termination: Involuntary,D007,M,JL1,Inactive
E0530,2024-06-02,2024-09-27,Hire,D007,F,JL2,Active
E0530,2024-09-28,2024-12-12,DepartmentChange,D007,F,JL2,Active
E0530,2024-12-13,2025-01-16,DepartmentChange,D009,F,JL2,Active
E0530,2025-01-17,9999-12-31,Promotion,D009,F,JL3,Active
E0531,2019-07-16,2020-09-23,Hire,D005,F,JL2,Active
E0531,2020-09-24,2021-04-24,JobLevelChange,D005,F,JL4,Active
E0531,2021-04-25,2021-09-24,JobLevelChange,D005,F,JL1,Active
E0531,2021-09-25,2023-04-16,DepartmentChange,D010,F,JL1,Active
E0531,2023-04-17,2024-03-23,DepartmentChange,D009,F,JL1,Active
E0531,2024-03-24,9999-12-31,DepartmentChange,D003,F,JL1,Active
E0532,2023-10-06,2024-01-20,Hire,D007,F,JL6,Active
E0532,2024-01-21,2025-05-12,DepartmentChange,D006,F,JL6,Active
E0532,2025-05-13,2025-10-02,JobLevelChange,D006,F,JL2,Active
E0532,2025-10-03,9999-12-31,DepartmentChange,D007,F,JL2,Active
E0533,2024-06-20,2024-09-28,Hire,D002,M,JL4,Active
E0533,2024-09-29,2024-12-03,DepartmentChange,D001,M,JL4,Active
E0533,2024-12-04,2024-12-04,Termination: Involuntary,D001,M,JL4,Inactive
E0534,2020-01-09,2020-12-20,Hire,D002,M,JL6,Active
E0534,2020-12-21,2022-03-16,DepartmentChange,D006,M,JL6,Active
E0534,2022-03-17,2022-08-12,JobLevelChange,D006,M,JL6,Active
E0534,2022-08-13,2022-11-12,Promotion,D006,M,JL6,Active
E0534,2022-11-13,9999-12-31,DepartmentChange,D006,M,JL6,Active
E0535,2023-11-02,2025-04-19,Hire,D008,F,JL3,Active
E0535,2025-04-20,9999-12-31,JobLevelChange,D008,F,JL5,Active
E0536,2023-09-20,2023-11-07,Hire,D004,M,JL3,Active
E0536,2023-11-08,2025-03-10,DepartmentChange,D008,M,JL3,Active
E0536,2025-03-11,9999-12-31,Promotion,D008,M,JL4,Active
E0537,2019-02-11,2019-08-10,Hire,D004,F,JL2,Active
E0537,2019-08-11,2019-12-12,JobLevelChange,D004,F,JL6,Active
E0537,2019-12-13,9999-12-31,JobLevelChange,D004,F,JL4,Active
E0538,2019-09-22,9999-12-31,Hire,D001,F,JL4,Active
E0539,2022-05-19,9999-12-31,Hire,D006,F,JL1,Active
E0540,2020-09-18,9999-12-31,Hire,D003,F,JL1,Active
E0541,2025-01-28,2025-04-17,Hire,D009,M,JL5,Active
E0541,2025-04-18,2025-04-25,JobLevelChange,D009,M,JL3,Active
E0541,2025-04-26,2025-04-26,Termination: Retirement,D009,M,JL3,Inactive
E0542,2020-09-05,2022-04-20,Hire,D002,M,JL6,Active
E0542,2022-04-21,2022-12-28,JobLevelChange,D002,M,JL2,Active
E0542,2022-12-29,2024-04-08,Promotion,D002,M,JL3,Active
E0542,2024-04-09,2024-10-22,JobLevelChange,D002,M,JL2,Active
E0542,2024-10-23,2025-06-02,DepartmentChange,D008,M,JL2,Active
E0542,2025-06-03,9999-12-31,JobLevelChange,D008,M,JL5,Active
E0543,2022-04-12,9999-12-31,Hire,D008,F,JL5,Active
E0544,2024-06-24,2025-12-02,Hire,D002,F,JL6,Active
E0544,2025-12-03,9999-12-31,DepartmentChange,D004,F,JL6,Active
E0545,2023-03-02,2023-03-20,Hire,D004,M,JL6,Active
E0545,2023-03-21,2023-04-22,JobLevelChange,D004,M,JL4,Active
E0545,2023-04-23,2023-05-05,JobLevelChange,D004,M,JL1,Active
E0545,2023-05-06,2023-06-19,Promotion,D004,M,JL2,Active
E0545,2023-06-20,2023-06-20,Termination: Retirement,D004,M,JL2,Inactive
E0546,2019-02-26,2020-08-10,Hire,D002,F,JL5,Active
E0546,2020-08-11,2022-03-31,Promotion,D002,F,JL6,Active
E0546,2022-04-01,2023-06-05,Promotion,D002,F,JL6,Active
E0546,2023-06-06,2023-07-29,Promotion,D002,F,JL6,Active
E0546,2023-07-30,9999-12-31,Promotion,D002,F,JL6,Active
E0547,2021-03-25,9999-12-31,Hire,D009,M,JL4,Active
E0548,2020-02-07,9999-12-31,Hire,D002,F,JL4,Active
E0549,2020-01-25,2021-04-25,Hire,D006,M,JL3,Active
E0549,2021-04-26,2021-11-04,DepartmentChange,D009,M,JL3,Active
E0549,2021-11-05,2022-07-25,JobLevelChange,D009,M,JL6,Active
E0549,2022-07-26,9999-12-31,JobLevelChange,D009,M,JL5,Active
E0550,2024-12-15,2024-12-24,Hire,D001,M,JL6,Active
E0550,2024-12-25,2025-01-08,JobLevelChange,D001,M,JL2,Active
E0550,2025-01-09,2025-01-09,Termination: Retirement,D001,M,JL2,Inactive
E0551,2024-07-08,2024-08-28,Hire,D004,M,JL5,Active
E0551,2024-08-29,9999-12-31,DepartmentChange,D002,M,JL5,Active
E0552,2021-05-10,2021-12-25,Hire,D010,M,JL2,Active
E0552,2021-12-26,2022-09-01,Promotion,D010,M,JL3,Active
E0552,2022-09-02,9999-12-31,DepartmentChange,D006,M,JL3,Active
E0553,2020-03-21,2020-12-17,Hire,D010,F,JL1,Active
E0553,2020-12-18,9999-12-31,JobLevelChange,D010,F,JL6,Active
E0554,2020-07-07,9999-12-31,Hire,D008,F,JL4,Active
E0555,2020-04-10,2021-08-18,Hire,D002,F,JL1,Active
E0555,2021-08-19,2021-09-08,Promotion,D002,F,JL2,Active
E0555,2021-09-09,2021-10-07,DepartmentChange,D001,F,JL2,Active
E0555,2021-10-08,2022-01-22,DepartmentChange,D001,F,JL2,Active
E0555,2022-01-23,2022-01-29,DepartmentChange,D010,F,JL2,Active
E0555,2022-01-30,2022-01-30,Termination: Involuntary,D010,F,JL2,Inactive
E0556,2024-10-28,2025-06-28,Hire,D008,M,JL4,Active
E0556,2025-06-29,2025-06-29,Termination: Retirement,D008,M,JL4,Inactive
E0557,2019-11-16,2021-04-30,Hire,D008,F,JL6,Active
E0557,2021-05-01,2022-07-28,DepartmentChange,D008,F,JL6,Active
E0557,2022-07-29,9999-12-31,JobLevelChange,D008,F,JL3,Active
E0558,2019-05-20,2020-10-13,Hire,D001,M,JL6,Active
E0558,2020-10-14,2020-10-29,JobLevelChange,D001,M,JL3,Active
E0558,2020-10-30,2020-11-11,JobLevelChange,D001,M,JL2,Active
E0558,2020-11-12,2020-11-25,Promotion,D001,M,JL3,Active
E0558,2020-11-26,2020-11-26,Promotion,D001,M,JL4,Active
E0558,2020-11-27,2020-12-22,DepartmentChange,D006,M,JL4,Active
E0558,2020-12-23,2020-12-23,Termination: Voluntary,D006,M,JL4,Inactive
E0559,2021-08-29,9999-12-31,Hire,D006,M,JL1,Active
E0560,2025-01-14,9999-12-31,Hire,D005,F,JL6,Active
E0561,2021-07-05,2022-12-31,Hire,D001,F,JL4,Active
E0561,2023-01-01,2023-11-07,Promotion,D001,F,JL5,Active
E0561,2023-11-08,2023-11-23,JobLevelChange,D001,F,JL2,Active
E0561,2023-11-24,2024-02-19,Promotion,D001,F,JL3,Active
E0561,2024-02-20,2024-04-25,Promotion,D001,F,JL4,Active
E0561,2024-04-26,2024-07-16,DepartmentChange,D009,F,JL4,Active
E0561,2024-07-17,2024-07-17,Termination: Retirement,D009,F,JL4,Inactive
E0562,2019-03-21,2020-04-02,Hire,D009,M,JL1,Active
E0562,2020-04-03,2021-11-09,JobLevelChange,D009,M,JL4,Active
E0562,2021-11-10,2022-04-11,DepartmentChange,D002,M,JL4,Active
E0562,2022-04-12,2022-07-24,DepartmentChange,D003,M,JL4,Active
E0562,2022-07-25,2023-10-04,JobLevelChange,D003,M,JL5,Active
E0562,2023-10-05,9999-12-31,DepartmentChange,D010,M,JL5,Active
E0563,2019-03-15,2019-05-28,Hire,D006,M,JL3,Active
E0563,2019-05-29,2023-03-03,DepartmentChange,D006,M,JL3,Active
E0563,2023-03-04,2023-03-04,Termination: Retirement,D006,M,JL3,Inactive
E0564,2021-06-30,9999-12-31,Hire,D008,F,JL1,Active
E0565,2024-10-24,2025-09-04,Hire,D007,F,JL5,Active
E0565,2025-09-05,9999-12-31,DepartmentChange,D004,F,JL5,Active
E0566,2019-05-27,2019-10-06,Hire,D001,M,JL3,Active
E0566,2019-10-07,2020-08-18,DepartmentChange,D008,M,JL3,Active
E0566,2020-08-19,2022-04-01,DepartmentChange,D001,M,JL3,Active
E0566,2022-04-02,2022-10-29,Promotion,D001,M,JL4,Active
E0566,2022-10-30,9999-12-31,JobLevelChange,D001,M,JL3,Active
E0567,2024-02-12,9999-12-31,Hire,D006,M,JL5,Active
E0568,2023-12-20,2024-09-15,Hire,D001,M,JL5,Active
E0568,2024-09-16,2025-05-26,DepartmentChange,D010,M,JL5,Active
E0568,2025-05-27,9999-12-31,DepartmentChange,D010,M,JL5,Active
E0569,2021-02-02,2021-08-30,Hire,D006,M,JL5,Active
E0569,2021-08-31,2022-09-03,Promotion,D006,M,JL6,Active
E0569,2022-09-04,2022-11-03,DepartmentChange,D002,M,JL6,Active
E0569,2022-11-04,2022-12-16,Promotion,D002,M,JL6,Active
E0569,2022-12-17,2023-02-10,Promotion,D002,M,JL6,Active
E0569,2023-02-11,2023-02-11,Termination: Retirement,D002,M,JL6,Inactive
E0570,2020-04-19,2021-04-10,Hire,D010,F,JL2,Active
E0570,2021-04-11,2021-08-09,Promotion,D010,F,JL3,Active
E0570,2021-08-10,2021-08-10,Termination: Voluntary,D010,F,JL3,Inactive
E0571,2021-12-28,2022-10-09,Hire,D005,F,JL5,Active
E0571,2022-10-10,2024-05-22,Promotion,D005,F,JL6,Active
E0571,2024-05-23,2025-10-23,DepartmentChange,D004,F,JL6,Active
E0571,2025-10-24,9999-12-31,DepartmentChange,D003,F,JL6,Active
E0572,2023-03-27,2025-01-15,Hire,D010,F,JL4,Active
E0572,2025-01-16,2025-01-16,Termination: Voluntary,D010,F,JL4,Inactive
E0573,2022-07-04,2023-05-04,Hire,D004,F,JL3,Active
E0573,2023-05-05,2023-07-01,Promotion,D004,F,JL4,Active
E0573,2023-07-02,2023-11-15,Promotion,D004,F,JL5,Active
E0573,2023-11-16,2024-06-30,JobLevelChange,D004,F,JL3,Active
E0573,2024-07-01,9999-12-31,DepartmentChange,D002,F,JL3,Active
E0574,2023-11-03,2025-05-01,Hire,D006,F,JL1,Active
E0574,2025-05-02,9999-12-31,JobLevelChange,D006,F,JL4,Active
E0575,2022-05-11,9999-12-31,Hire,D008,F,JL1,Active
E0576,2020-09-12,2020-10-08,Hire,D007,M,JL6,Active
E0576,2020-10-09,2021-04-15,DepartmentChange,D005,M,JL6,Active
E0576,2021-04-16,2021-05-05,JobLevelChange,D005,M,JL3,Active
E0576,2021-05-06,2021-05-06,Termination: Retirement,D005,M,JL3,Inactive
E0577,2020-08-11,2021-11-15,Hire,D004,M,JL1,Active
E0577,2021-11-16,9999-12-31,JobLevelChange,D004,M,JL4,Active
E0578,2019-03-22,2019-07-26,Hire,D003,F,JL2,Active
E0578,2019-07-27,2020-11-26,JobLevelChange,D003,F,JL2,Active
E0578,2020-11-27,2021-08-01,DepartmentChange,D008,F,JL2,Active
E0578,2021-08-02,9999-12-31,Promotion,D008,F,JL3,Active
E0579,2023-01-08,9999-12-31,Hire,D010,M,JL1,Active
E0580,2025-01-18,2025-03-03,Hire,D008,F,JL3,Active
E0580,2025-03-04,2025-06-28,Promotion,D008,F,JL4,Active
E0580,2025-06-29,2025-12-04,Promotion,D008,F,JL5,Active
E0580,2025-12-05,2025-12-05,Termination: Voluntary,D008,F,JL5,Inactive
E0581,2019-11-18,9999-12-31,Hire,D003,M,JL4,Active
E0582,2019-10-01,2020-06-13,Hire,D004,M,JL6,Active
E0582,2020-06-14,2021-04-02,DepartmentChange,D010,M,JL6,Active
E0582,2021-04-03,2022-11-04,DepartmentChange,D001,M,JL6,Active
E0582,2022-11-05,2024-04-17,DepartmentChange,D007,M,JL6,Active
E0582,2024-04-18,2024-04-18,Termination: Involuntary,D007,M,JL6,Inactive
E0583,2019-12-08,2021-03-21,Hire,D009,M,JL2,Active
E0583,2021-03-22,2021-12-22,Promotion,D009,M,JL3,Active
E0583,2021-12-23,2022-10-06,DepartmentChange,D003,M,JL3,Active
E0583,2022-10-07,9999-12-31,JobLevelChange,D003,M,JL1,Active
E0584,2025-10-19,2025-12-27,Hire,D010,M,JL5,Active
E0584,2025-12-28,2025-12-28,Termination: Retirement,D010,M,JL5,Inactive
E0585,2019-12-24,2020-03-20,Hire,D006,F,JL3,Active
E0585,2020-03-21,2021-03-04,Promotion,D006,F,JL4,Active
E0585,2021-03-05,9999-12-31,DepartmentChange,D004,F,JL4,Active
E0586,2021-08-28,2022-02-01,Hire,D007,M,JL1,Active
E0586,2022-02-02,2023-06-14,DepartmentChange,D009,M,JL1,Active
E0586,2023-06-15,2024-11-08,DepartmentChange,D005,M,JL1,Active
E0586,2024-11-09,2025-05-01,DepartmentChange,D006,M,JL1,Active
E0586,2025-05-02,9999-12-31,DepartmentChange,D010,M,JL1,Active
E0587,2025-05-01,2025-07-21,Hire,D010,M,JL2,Active
E0587,2025-07-22,9999-12-31,Promotion,D010,M,JL3,Active
E0588,2024-11-09,2025-11-03,Hire,D009,F,JL3,Active
E0588,2025-11-04,9999-12-31,JobLevelChange,D009,F,JL6,Active
E0589,2025-12-14,9999-12-31,Hire,D005,F,JL3,Active
E0590,2021-06-14,2022-04-26,Hire,D009,F,JL2,Active
E0590,2022-04-27,2023-11-16,DepartmentChange,D009,F,JL2,Active
E0590,2023-11-17,2023-11-17,Termination: Voluntary,D009,F,JL2,Inactive
E0591,2024-09-19,2025-07-14,Hire,D010,M,JL2,Active
E0591,2025-07-15,9999-12-31,DepartmentChange,D004,M,JL2,Active
E0592,2025-05-04,9999-12-31,Hire,D003,M,JL4,Active
E0593,2020-06-14,2021-08-08,Hire,D010,F,JL1,Active
E0593,2021-08-09,2022-12-25,Promotion,D010,F,JL2,Active
E0593,2022-12-26,2024-06-16,JobLevelChange,D010,F,JL2,Active
E0593,2024-06-17,9999-12-31,JobLevelChange,D010,F,JL3,Active
E0594,2020-09-22,2020-10-26,Hire,D010,M,JL4,Active
E0594,2020-10-27,2021-11-19,DepartmentChange,D010,M,JL4,Active
E0594,2021-11-20,2022-11-08,DepartmentChange,D003,M,JL4,Active
E0594,2022-11-09,2023-08-03,DepartmentChange,D008,M,JL4,Active
E0594,2023-08-04,9999-12-31,Promotion,D008,M,JL5,Active
E0595,2025-01-27,2025-10-29,Hire,D010,F,JL2,Active
E0595,2025-10-30,9999-12-31,Promotion,D010,F,JL3,Active
E0596,2020-08-31,2022-04-20,Hire,D002,M,JL4,Active
E0596,2022-04-21,2023-04-22,Promotion,D002,M,JL5,Active
E0596,2023-04-23,2024-07-26,DepartmentChange,D009,M,JL5,Active
E0596,2024-07-27,2025-02-24,JobLevelChange,D009,M,JL3,Active
E0596,2025-02-25,9999-12-31,Promotion,D009,M,JL4,Active
E0597,2020-10-20,2021-05-13,Hire,D007,F,JL4,Active
E0597,2021-05-14,2022-06-08,DepartmentChange,D002,F,JL4,Active
E0597,2022-06-09,2023-10-17,DepartmentChange,D007,F,JL4,Active
E0597,2023-10-18,2025-03-19,DepartmentChange,D002,F,JL4,Active
E0597,2025-03-20,9999-12-31,DepartmentChange,D010,F,JL4,Active
E0598,2021-05-23,9999-12-31,Hire,D004,F,JL4,Active
E0599,2019-08-30,2025-02-16,Hire,D010,F,JL1,Active
E0599,2025-02-17,2025-02-17,Termination: Involuntary,D010,F,JL1,Inactive
E0600,2025-12-10,9999-12-31,Hire,D008,F,JL2,Active
E0601,2024-11-25,2025-06-04,Hire,D002,M,JL2,Active
E0601,2025-06-05,2025-06-05,Termination: Involuntary,D002,M,JL2,Inactive
E0602,2024-04-24,9999-12-31,Hire,D004,F,JL5,Active
E0603,2023-05-04,2023-10-06,Hire,D004,F,JL2,Active
E0603,2023-10-07,2025-02-09,Promotion,D004,F,JL3,Active
E0603,2025-02-10,2025-03-27,Promotion,D004,F,JL4,Active
E0603,2025-03-28,2025-04-03,DepartmentChange,D001,F,JL4,Active
E0603,2025-04-04,2025-04-17,JobLevelChange,D001,F,JL3,Active
E0603,2025-04-18,2025-04-18,Termination: Retirement,D001,F,JL3,Inactive
E0604,2024-06-26,2024-07-22,Hire,D010,M,JL4,Active
E0604,2024-07-23,2024-07-23,Termination: Retirement,D010,M,JL4,Inactive
E0605,2023-08-17,9999-12-31,Hire,D009,M,JL4,Active
E0606,2020-03-18,2020-12-09,Hire,D006,M,JL4,Active
E0606,2020-12-10,2022-05-11,JobLevelChange,D006,M,JL1,Active
E0606,2022-05-12,9999-12-31,Promotion,D006,M,JL2,Active
E0607,2022-04-28,2023-06-30,Hire,D001,F,JL4,Active
E0607,2023-07-01,2024-08-28,Promotion,D001,F,JL5,Active
E0607,2024-08-29,2025-05-01,JobLevelChange,D001,F,JL4,Active
E0607,2025-05-02,2025-05-02,Termination: Involuntary,D001,F,JL4,Inactive
E0608,2022-07-15,2022-08-18,Hire,D007,M,JL2,Active
E0608,2022-08-19,9999-12-31,Promotion,D007,M,JL3,Active
E0609,2023-11-22,2024-07-15,Hire,D005,F,JL4,Active
E0609,2024-07-16,2024-08-25,DepartmentChange,D002,F,JL4,Active
E0609,2024-08-26,2025-02-22,DepartmentChange,D004,F,JL4,Active
E0609,2025-02-23,2025-03-20,Promotion,D004,F,JL5,Active
E0609,2025-03-21,2025-03-21,Termination: Retirement,D004,F,JL5,Inactive
E0610,2019-12-01,9999-12-31,Hire,D004,F,JL5,Active
E0611,2019-11-06,2020-08-15,Hire,D009,M,JL1,Active
E0611,2020-08-16,9999-12-31,DepartmentChange,D002,M,JL1,Active
E0612,2019-03-21,2019-08-25,Hire,D004,M,JL3,Active
E0612,2019-08-26,2019-09-11,JobLevelChange,D004,M,JL6,Active
E0612,2019-09-12,2019-09-13,Promotion,D004,M,JL6,Active
E0612,2019-09-14,2019-09-14,Termination: Voluntary,D004,M,JL6,Inactive
E0613,2020-11-23,2022-04-23,Hire,D010,M,JL5,Active
E0613,2022-04-24,9999-12-31,JobLevelChange,D010,M,JL1,Active
E0614,2022-05-02,2022-10-29,Hire,D004,F,JL1,Active
E0614,2022-10-30,2023-11-26,DepartmentChange,D005,F,JL1,Active
E0614,2023-11-27,2024-03-12,JobLevelChange,D005,F,JL5,Active
E0614,2024-03-13,9999-12-31,JobLevelChange,D005,F,JL1,Active
E0615,2024-08-14,2025-12-05,Hire,D006,F,JL6,Active
E0615,2025-12-06,9999-12-31,Promotion,D006,F,JL6,Active
E0616,2020-07-18,2021-01-21,Hire,D007,F,JL3,Active
E0616,2021-01-22,9999-12-31,DepartmentChange,D009,F,JL3,Active
E0617,2022-10-19,2023-12-16,Hire,D002,M,JL4,Active
E0617,2023-12-17,9999-12-31,Promotion,D002,M,JL5,Active
E0618,2019-09-02,2020-07-10,Hire,D008,F,JL1,Active
E0618,2020-07-11,2020-07-11,Termination: Voluntary,D008,F,JL1,Inactive
E0619,2021-01-14,2021-11-12,Hire,D006,F,JL2,Active
E0619,2021-11-13,2023-07-04,JobLevelChange,D006,F,JL2,Active
E0619,2023-07-05,2025-04-24,JobLevelChange,D006,F,JL6,Active
E0619,2025-04-25,2025-04-25,Termination: Retirement,D006,F,JL6,Inactive
E0620,2019-02-13,9999-12-31,Hire,D009,F,JL4,Active
E0621,2020-05-03,2021-04-17,Hire,D004,F,JL3,Active
E0621,2021-04-18,2022-07-06,JobLevelChange,D004,F,JL3,Active
E0621,2022-07-07,2022-08-18,Promotion,D004,F,JL4,Active
E0621,2022-08-19,2023-04-15,JobLevelChange,D004,F,JL5,Active
E0621,2023-04-16,9999-12-31,JobLevelChange,D004,F,JL2,Active
E0622,2025-06-02,2025-11-21,Hire,D001,F,JL6,Active
E0622,2025-11-22,2025-11-22,Termination: Retirement,D001,F,JL6,Inactive
E0623,2024-01-09,2024-09-29,Hire,D006,M,JL1,Active
E0623,2024-09-30,2024-12-19,DepartmentChange,D002,M,JL1,Active
E0623,2024-12-20,2025-06-21,JobLevelChange,D002,M,JL5,Active
E0623,2025-06-22,2025-12-06,DepartmentChange,D003,M,JL5,Active
E0623,2025-12-07,2025-12-07,Termination: Voluntary,D003,M,JL5,Inactive
E0624,2025-11-06,2025-11-18,Hire,D002,M,JL4,Active
E0624,2025-11-19,2025-11-19,Termination: Involuntary,D002,M,JL4,Inactive
E0625,2020-06-19,2021-07-17,Hire,D007,F,JL1,Active
E0625,2021-07-18,2022-03-25,DepartmentChange,D006,F,JL1,Active
E0625,2022-03-26,2023-06-20,DepartmentChange,D004,F,JL1,Active
E0625,2023-06-21,2023-10-20,JobLevelChange,D004,F,JL4,Active
E0625,2023-10-21,2025-10-09,DepartmentChange,D003,F,JL4,Active
E0625,2025-10-10,2025-10-10,Termination: Involuntary,D003,F,JL4,Inactive
E0626,2020-10-01,2021-02-25,Hire,D005,F,JL5,Active
E0626,2021-02-26,2022-03-04,JobLevelChange,D005,F,JL2,Active
E0626,2022-03-05,2022-09-09,JobLevelChange,D005,F,JL1,Active
E0626,2022-09-10,2024-09-02,DepartmentChange,D001,F,JL1,Active
E0626,2024-09-03,2024-09-03,Termination: Involuntary,D001,F,JL1,Inactive
E0627,2019-05-31,2019-10-20,Hire,D007,F,JL6,Active
E0627,2019-10-21,2019-11-20,JobLevelChange,D007,F,JL6,Active
E0627,2019-11-21,2020-11-07,JobLevelChange,D007,F,JL1,Active
E0627,2020-11-08,2021-06-06,DepartmentChange,D007,F,JL1,Active
E0627,2021-06-07,9999-12-31,Promotion,D007,F,JL2,Active
E0628,2022-09-22,2023-08-20,Hire,D008,M,JL3,Active
E0628,2023-08-21,2023-09-19,DepartmentChange,D002,M,JL3,Active
E0628,2023-09-20,2023-11-14,Promotion,D002,M,JL4,Active
E0628,2023-11-15,2025-02-27,Promotion,D002,M,JL5,Active
E0628,2025-02-28,9999-12-31,Promotion,D002,M,JL6,Active
E0629,2023-10-20,9999-12-31,Hire,D004,F,JL2,Active
E0630,2020-05-21,2021-04-08,Hire,D005,M,JL5,Active
E0630,2021-04-09,2021-11-14,DepartmentChange,D004,M,JL5,Active
E0630,2021-11-15,2021-12-16,Promotion,D004,M,JL6,Active
E0630,2021-12-17,2023-02-14,DepartmentChange,D007,M,JL6,Active
E0630,2023-02-15,2024-08-15,DepartmentChange,D002,M,JL6,Active
E0630,2024-08-16,2025-12-23,JobLevelChange,D002,M,JL4,Active
E0630,2025-12-24,2025-12-24,Termination: Involuntary,D002,M,JL4,Inactive
E0631,2019-09-08,2021-02-15,Hire,D002,F,JL5,Active
E0631,2021-02-16,9999-12-31,DepartmentChange,D004,F,JL5,Active
E0632,2023-02-28,2023-05-12,Hire,D001,F,JL2,Active
E0632,2023-05-13,2023-09-15,JobLevelChange,D001,F,JL1,Active
E0632,2023-09-16,2023-10-10,Promotion,D001,F,JL2,Active
E0632,2023-10-11,2023-11-01,Promotion,D001,F,JL3,Active
E0632,2023-11-02,2023-11-02,Termination: Voluntary,D001,F,JL3,Inactive
E0633,2020-03-10,2020-08-19,Hire,D005,F,JL1,Active
E0633,2020-08-20,2021-03-08,Promotion,D005,F,JL2,Active
E0633,2021-03-09,9999-12-31,JobLevelChange,D005,F,JL4,Active
E0634,2019-03-03,2019-11-22,Hire,D008,M,JL4,Active
E0634,2019-11-23,9999-12-31,JobLevelChange,D008,M,JL5,Active
E0635,2019-11-25,9999-12-31,Hire,D010,F,JL5,Active
E0636,2022-02-17,9999-12-31,Hire,D009,F,JL3,Active
E0637,2023-06-17,2025-01-04,Hire,D007,M,JL4,Active
E0637,2025-01-05,9999-12-31,Promotion,D007,M,JL5,Active
E0638,2020-08-20,2025-02-19,Hire,D002,F,JL5,Active
E0638,2025-02-20,2025-02-20,Termination: Involuntary,D002,F,JL5,Inactive
E0639,2022-10-31,2023-09-27,Hire,D003,F,JL2,Active
E0639,2023-09-28,2025-04-14,JobLevelChange,D003,F,JL2,Active
E0639,2025-04-15,2025-04-15,Termination: Voluntary,D003,F,JL2,Inactive
E0640,2020-04-29,2020-12-14,Hire,D003,M,JL5,Active
E0640,2020-12-15,2021-05-04,DepartmentChange,D010,M,JL5,Active
E0640,2021-05-05,2022-03-16,Promotion,D010,M,JL6,Active
E0640,2022-03-17,9999-12-31,DepartmentChange,D010,M,JL6,Active
E0641,2025-02-02,2025-03-08,Hire,D005,F,JL3,Active
E0641,2025-03-09,9999-12-31,Promotion,D005,F,JL4,Active
E0642,2023-03-27,2024-04-15,Hire,D005,F,JL6,Active
E0642,2024-04-16,2024-11-23,JobLevelChange,D005,F,JL5,Active
E0642,2024-11-24,9999-12-31,JobLevelChange,D005,F,JL2,Active
E0643,2024-08-03,2024-08-08,Hire,D010,F,JL6,Active
E0643,2024-08-09,2025-02-15,Promotion,D010,F,JL6,Active
E0643,2025-02-16,2025-02-16,Termination: Voluntary,D010,F,JL6,Inactive
E0644,2025-07-16,9999-12-31,Hire,D005,F,JL5,Active
E0645,2021-05-28,2022-10-31,Hire,D001,F,JL2,Active
E0645,2022-11-01,2023-03-22,Promotion,D001,F,JL3,Active
E0645,2023-03-23,2023-08-21,DepartmentChange,D008,F,JL3,Active
E0645,2023-08-22,2023-11-01,JobLevelChange,D008,F,JL1,Active
E0645,2023-11-02,2024-02-02,DepartmentChange,D008,F,JL1,Active
E0645,2024-02-03,2024-02-03,Termination: Voluntary,D008,F,JL1,Inactive
E0646,2024-08-20,9999-12-31,Hire,D004,M,JL6,Active
E0647,2022-03-20,2022-10-12,Hire,D006,M,JL2,Active
E0647,2022-10-13,9999-12-31,Promotion,D006,M,JL3,Active
E0648,2022-08-14,2023-03-01,Hire,D007,M,JL5,Active
E0648,2023-03-02,2024-02-16,Promotion,D007,M,JL6,Active
E0648,2024-02-17,2024-09-28,Promotion,D007,M,JL6,Active
E0648,2024-09-29,9999-12-31,JobLevelChange,D007,M,JL2,Active
E0649,2019-04-06,2020-06-16,Hire,D005,F,JL3,Active
E0649,2020-06-17,2021-02-23,JobLevelChange,D005,F,JL3,Active
E0649,2021-02-24,2022-06-07,JobLevelChange,D005,F,JL1,Active
E0649,2022-06-08,2023-02-23,Promotion,D005,F,JL2,Active
E0649,2023-02-24,9999-12-31,JobLevelChange,D005,F,JL1,Active
E0650,2025-03-18,2025-04-24,Hire,D004,F,JL1,Active
E0650,2025-04-25,9999-12-31,DepartmentChange,D002,F,JL1,Active
E0651,2020-10-26,2022-02-27,Hire,D005,M,JL2,Active
E0651,2022-02-28,2023-06-01,DepartmentChange,D008,M,JL2,Active
E0651,2023-06-02,9999-12-31,JobLevelChange,D008,M,JL2,Active
E0652,2021-03-13,9999-12-31,Hire,D003,F,JL4,Active
E0653,2021-04-08,2021-04-09,Hire,D007,F,JL5,Active
E0653,2021-04-10,2021-05-01,JobLevelChange,D007,F,JL5,Active
E0653,2021-05-02,2021-07-06,Promotion,D007,F,JL6,Active
E0653,2021-07-07,2021-07-07,Termination: Voluntary,D007,F,JL6,Inactive
E0654,2021-01-05,2021-10-05,Hire,D008,F,JL4,Active
E0654,2021-10-06,2022-02-07,JobLevelChange,D008,F,JL5,Active
E0654,2022-02-08,9999-12-31,JobLevelChange,D008,F,JL5,Active
E0655,2022-07-07,2022-10-08,Hire,D001,M,JL2,Active
E0655,2022-10-09,2023-02-16,DepartmentChange,D006,M,JL2,Active
E0655,2023-02-17,2023-10-13,DepartmentChange,D007,M,JL2,Active
E0655,2023-10-14,2024-02-19,JobLevelChange,D007,M,JL4,Active
E0655,2024-02-20,2024-03-17,DepartmentChange,D009,M,JL4,Active
E0655,2024-03-18,2024-03-18,Termination: Voluntary,D009,M,JL4,Inactive
E0656,2021-07-24,2022-03-02,Hire,D009,F,JL6,Active
E0656,2022-03-03,2023-01-05,Promotion,D009,F,JL6,Active
E0656,2023-01-06,2023-11-10,Promotion,D009,F,JL6,Active
E0656,2023-11-11,2025-06-14,DepartmentChange,D002,F,JL6,Active
E0656,2025-06-15,2025-09-29,Promotion,D002,F,JL6,Active
E0656,2025-09-30,9999-12-31,Promotion,D002,F,JL6,Active
E0657,2022-02-23,2023-04-28,Hire,D003,M,JL3,Active
E0657,2023-04-29,2024-09-30,Promotion,D003,M,JL4,Active
E0657,2024-10-01,2024-12-23,DepartmentChange,D003,M,JL4,Active
E0657,2024-12-24,2025-05-17,Promotion,D003,M,JL5,Active
E0657,2025-05-18,9999-12-31,DepartmentChange,D005,M,JL5,Active
E0658,2025-08-06,9999-12-31,Hire,D001,F,JL5,Active
E0659,2019-12-05,2020-08-26,Hire,D008,F,JL3,Active
E0659,2020-08-27,2021-08-03,JobLevelChange,D008,F,JL2,Active
E0659,2021-08-04,2021-09-21,DepartmentChange,D006,F,JL2,Active
E0659,2021-09-22,2021-11-23,DepartmentChange,D005,F,JL2,Active
E0659,2021-11-24,2022-02-18,DepartmentChange,D005,F,JL2,Active
E0659,2022-02-19,2022-02-19,Termination: Retirement,D005,F,JL2,Inactive
E0660,2019-07-16,2020-02-17,Hire,D008,F,JL3,Active
E0660,2020-02-18,2020-04-11,JobLevelChange,D008,F,JL5,Active
E0660,2020-04-12,2021-05-16,DepartmentChange,D008,F,JL5,Active
E0660,2021-05-17,2022-11-29,JobLevelChange,D008,F,JL2,Active
E0660,2022-11-30,9999-12-31,DepartmentChange,D007,F,JL2,Active
E0661,2019-03-10,2020-01-15,Hire,D003,M,JL5,Active
E0661,2020-01-16,2020-08-21,DepartmentChange,D004,M,JL5,Active
E0661,2020-08-22,2020-08-22,Termination: Voluntary,D004,M,JL5,Inactive
E0662,2024-06-23,9999-12-31,Hire,D004,F,JL1,Active
E0663,2019-06-12,9999-12-31,Hire,D008,M,JL4,Active
E0664,2024-01-28,2024-11-17,Hire,D004,M,JL6,Active
E0664,2024-11-18,2025-09-02,DepartmentChange,D002,M,JL6,Active
E0664,2025-09-03,9999-12-31,DepartmentChange,D005,M,JL6,Active
E0665,2024-07-31,2024-09-18,Hire,D003,F,JL4,Active
E0665,2024-09-19,2024-11-04,Promotion,D003,F,JL5,Active
E0665,2024-11-05,2025-01-10,DepartmentChange,D006,F,JL5,Active
E0665,2025-01-11,2025-01-11,Termination: Voluntary,D006,F,JL5,Inactive
E0666,2023-11-03,2024-02-15,Hire,D004,F,JL5,Active
E0666,2024-02-16,2025-01-26,DepartmentChange,D008,F,JL5,Active
E0666,2025-01-27,9999-12-31,Promotion,D008,F,JL6,Active
E0667,2020-06-05,2020-11-04,Hire,D006,F,JL6,Active
E0667,2020-11-05,9999-12-31,DepartmentChange,D003,F,JL6,Active
E0668,2021-11-13,9999-12-31,Hire,D006,F,JL4,Active
E0669,2021-12-08,2021-12-11,Hire,D006,F,JL1,Active
E0669,2021-12-12,2021-12-13,Promotion,D006,F,JL2,Active
E0669,2021-12-14,2021-12-30,DepartmentChange,D007,F,JL2,Active
E0669,2021-12-31,2022-01-10,DepartmentChange,D002,F,JL2,Active
E0669,2022-01-11,2022-01-11,Termination: Voluntary,D002,F,JL2,Inactive
E0670,2020-05-11,2020-12-02,Hire,D003,F,JL5,Active
E0670,2020-12-03,2021-01-01,Promotion,D003,F,JL6,Active
E0670,2021-01-02,2021-01-15,DepartmentChange,D009,F,JL6,Active
E0670,2021-01-16,2021-01-27,DepartmentChange,D004,F,JL6,Active
E0670,2021-01-28,2021-03-04,Promotion,D004,F,JL6,Active
E0670,2021-03-05,2021-03-11,Promotion,D004,F,JL6,Active
E0670,2021-03-12,2021-03-12,Termination: Voluntary,D004,F,JL6,Inactive
E0671,2025-08-07,2025-11-09,Hire,D002,F,JL3,Active
E0671,2025-11-10,9999-12-31,Promotion,D002,F,JL4,Active
E0672,2022-09-16,2023-08-13,Hire,D008,F,JL1,Active
E0672,2023-08-14,2025-02-13,DepartmentChange,D001,F,JL1,Active
E0672,2025-02-14,9999-12-31,DepartmentChange,D001,F,JL1,Active
E0673,2020-07-03,2020-09-03,Hire,D009,M,JL4,Active
E0673,2020-09-04,9999-12-31,DepartmentChange,D004,M,JL4,Active
E0674,2025-10-21,9999-12-31,Hire,D006,M,JL1,Active
E0675,2021-06-21,2022-09-17,Hire,D006,F,JL4,Active
E0675,2022-09-18,2022-12-13,JobLevelChange,D006,F,JL3,Active
E0675,2022-12-14,9999-12-31,Promotion,D006,F,JL4,Active
E0676,2019-12-18,2020-06-01,Hire,D008,M,JL1,Active
E0676,2020-06-02,2020-07-21,Promotion,D008,M,JL2,Active
E0676,2020-07-22,2021-10-19,Promotion,D008,M,JL3,Active
E0676,2021-10-20,2022-11-20,DepartmentChange,D006,M,JL3,Active
E0676,2022-11-21,2024-03-14,Promotion,D006,M,JL4,Active
E0676,2024-03-15,9999-12-31,Promotion,D006,M,JL5,Active
E0677,2024-06-21,9999-12-31,Hire,D007,F,JL4,Active
E0678,2021-05-20,9999-12-31,Hire,D008,M,JL6,Active
E0679,2025-04-18,2025-08-01,Hire,D009,M,JL5,Active
E0679,2025-08-02,2025-10-27,JobLevelChange,D009,M,JL6,Active
E0679,2025-10-28,2025-10-28,Termination: Voluntary,D009,M,JL6,Inactive
E0680,2020-08-13,2022-03-13,Hire,D010,F,JL4,Active
E0680,2022-03-14,9999-12-31,Promotion,D010,F,JL5,Active
E0681,2024-06-01,2025-11-04,Hire,D003,M,JL6,Active
E0681,2025-11-05,9999-12-31,JobLevelChange,D003,M,JL5,Active
E0682,2024-10-28,2025-07-07,Hire,D009,F,JL3,Active
E0682,2025-07-08,9999-12-31,JobLevelChange,D009,F,JL4,Active
E0683,2020-11-21,2020-12-27,Hire,D009,F,JL5,Active
E0683,2020-12-28,2021-04-15,JobLevelChange,D009,F,JL1,Active
E0683,2021-04-16,2022-10-12,JobLevelChange,D009,F,JL3,Active
E0683,2022-10-13,2023-05-21,DepartmentChange,D004,F,JL3,Active
E0683,2023-05-22,9999-12-31,DepartmentChange,D005,F,JL3,Active
E0684,2022-02-24,2023-02-21,Hire,D009,M,JL3,Active
E0684,2023-02-22,2024-06-28,Promotion,D009,M,JL4,Active
E0684,2024-06-29,9999-12-31,JobLevelChange,D009,M,JL3,Active
E0685,2020-09-28,2022-01-16,Hire,D009,F,JL6,Active
E0685,2022-01-17,2022-03-04,DepartmentChange,D009,F,JL6,Active
E0685,2022-03-05,2022-03-15,DepartmentChange,D005,F,JL6,Active
E0685,2022-03-16,2022-03-16,Termination: Retirement,D005,F,JL6,Inactive
E0686,2022-03-22,2022-11-23,Hire,D003,F,JL4,Active
E0686,2022-11-24,2023-07-29,JobLevelChange,D003,F,JL5,Active
E0686,2023-07-30,2025-01-26,DepartmentChange,D004,F,JL5,Active
E0686,2025-01-27,9999-12-31,JobLevelChange,D004,F,JL2,Active
E0687,2023-12-17,2024-01-08,Hire,D001,M,JL4,Active
E0687,2024-01-09,2024-01-30,Promotion,D001,M,JL5,Active
E0687,2024-01-31,2024-02-22,DepartmentChange,D002,M,JL5,Active
E0687,2024-02-23,2024-03-29,JobLevelChange,D002,M,JL1,Active
E0687,2024-03-30,2024-03-30,Termination: Retirement,D002,M,JL1,Inactive
E0688,2021-11-26,2023-05-28,Hire,D008,M,JL1,Active
E0688,2023-05-29,2023-08-20,Promotion,D008,M,JL2,Active
E0688,2023-08-21,2024-04-17,DepartmentChange,D003,M,JL2,Active
E0688,2024-04-18,2025-09-14,JobLevelChange,D003,M,JL2,Active
E0688,2025-09-15,9999-12-31,Promotion,D003,M,JL3,Active
E0689,2024-12-04,2025-09-14,Hire,D002,M,JL3,Active
E0689,2025-09-15,9999-12-31,DepartmentChange,D006,M,JL3,Active
E0690,2021-09-21,2021-12-02,Hire,D004,M,JL1,Active
E0690,2021-12-03,2023-05-23,Promotion,D004,M,JL2,Active
E0690,2023-05-24,2024-04-05,Promotion,D004,M,JL3,Active
E0690,2024-04-06,2024-06-17,JobLevelChange,D004,M,JL1,Active
E0690,2024-06-18,2025-11-25,JobLevelChange,D004,M,JL5,Active
E0690,2025-11-26,9999-12-31,JobLevelChange,D004,M,JL3,Active
E0691,2023-09-27,2024-01-19,Hire,D003,F,JL4,Active
E0691,2024-01-20,2024-04-11,Promotion,D003,F,JL5,Active
E0691,2024-04-12,2025-03-24,Promotion,D003,F,JL6,Active
E0691,2025-03-25,2025-03-25,Termination: Voluntary,D003,F,JL6,Inactive
E0692,2025-03-19,2025-09-06,Hire,D006,M,JL4,Active
E0692,2025-09-07,2025-10-20,DepartmentChange,D002,M,JL4,Active
E0692,2025-10-21,2025-10-21,Termination: Retirement,D002,M,JL4,Inactive
E0693,2020-01-17,9999-12-31,Hire,D005,F,JL5,Active
E0694,2025-12-23,9999-12-31,Hire,D007,M,JL4,Active
E0695,2022-11-14,2023-11-19,Hire,D007,F,JL5,Active
E0695,2023-11-20,9999-12-31,Promotion,D007,F,JL6,Active
E0696,2020-12-05,2022-07-06,Hire,D003,F,JL1,Active
E0696,2022-07-07,2023-04-29,Promotion,D003,F,JL2,Active
E0696,2023-04-30,2024-01-07,Promotion,D003,F,JL3,Active
E0696,2024-01-08,2025-04-10,JobLevelChange,D003,F,JL6,Active
E0696,2025-04-11,2025-05-27,Promotion,D003,F,JL6,Active
E0696,2025-05-28,2025-05-28,Termination: Retirement,D003,F,JL6,Inactive
E0697,2021-02-18,2022-02-12,Hire,D002,F,JL3,Active
E0697,2022-02-13,2023-08-20,DepartmentChange,D002,F,JL3,Active
E0697,2023-08-21,2024-05-28,Promotion,D002,F,JL4,Active
E0697,2024-05-29,9999-12-31,Promotion,D002,F,JL5,Active
E0698,2022-03-04,2023-03-27,Hire,D001,F,JL4,Active
E0698,2023-03-28,2023-10-23,DepartmentChange,D001,F,JL4,Active
E0698,2023-10-24,2024-06-03,DepartmentChange,D009,F,JL4,Active
E0698,2024-06-04,2025-10-03,JobLevelChange,D009,F,JL6,Active
E0698,2025-10-04,9999-12-31,Promotion,D009,F,JL6,Active
E0699,2020-05-18,2021-01-22,Hire,D003,F,JL1,Active
E0699,2021-01-23,2021-03-21,Promotion,D003,F,JL2,Active
E0699,2021-03-22,2022-09-10,Promotion,D003,F,JL3,Active
E0699,2022-09-11,2022-09-11,Termination: Voluntary,D003,F,JL3,Inactive
E0700,2024-06-30,2024-09-14,Hire,D001,F,JL1,Active
E0700,2024-09-15,9999-12-31,JobLevelChange,D001,F,JL3,Active
E0701,2023-08-30,2024-08-15,Hire,D006,M,JL2,Active
E0701,2024-08-16,9999-12-31,DepartmentChange,D002,M,JL2,Active
E0702,2023-07-06,2024-05-22,Hire,D005,M,JL5,Active
E0702,2024-05-23,9999-12-31,Promotion,D005,M,JL6,Active
E0703,2023-12-12,2024-02-05,Hire,D008,F,JL2,Active
E0703,2024-02-06,9999-12-31,DepartmentChange,D005,F,JL2,Active
E0704,2020-06-02,2021-01-17,Hire,D008,F,JL5,Active
E0704,2021-01-18,9999-12-31,Promotion,D008,F,JL6,Active
E0705,2024-02-07,9999-12-31,Hire,D009,M,JL6,Active
E0706,2019-02-01,2020-05-14,Hire,D005,M,JL1,Active
E0706,2020-05-15,9999-12-31,Promotion,D005,M,JL2,Active
E0707,2025-04-23,2025-09-05,Hire,D002,F,JL2,Active
E0707,2025-09-06,2025-09-06,Termination: Involuntary,D002,F,JL2,Inactive
E0708,2021-09-05,2022-03-24,Hire,D005,M,JL1,Active
E0708,2022-03-25,2023-11-14,JobLevelChange,D005,M,JL2,Active
E0708,2023-11-15,2024-09-23,JobLevelChange,D005,M,JL3,Active
E0708,2024-09-24,2025-12-23,DepartmentChange,D001,M,JL3,Active
E0708,2025-12-24,9999-12-31,JobLevelChange,D001,M,JL2,Active
E0709,2023-12-28,2024-04-28,Hire,D005,M,JL2,Active
E0709,2024-04-29,2024-06-06,DepartmentChange,D003,M,JL2,Active
E0709,2024-06-07,2024-06-07,Termination: Voluntary,D003,M,JL2,Inactive
E0710,2019-10-14,9999-12-31,Hire,D010,F,JL5,Active
E0711,2023-10-07,2024-03-07,Hire,D010,M,JL5,Active
E0711,2024-03-08,2024-08-12,JobLevelChange,D010,M,JL4,Active
E0711,2024-08-13,2024-12-07,DepartmentChange,D005,M,JL4,Active
E0711,2024-12-08,2024-12-08,Termination: Involuntary,D005,M,JL4,Inactive
E0712,2019-10-10,2019-10-14,Hire,D010,M,JL2,Active
E0712,2019-10-15,2019-11-05,DepartmentChange,D008,M,JL2,Active
E0712,2019-11-06,2019-11-20,DepartmentChange,D003,M,JL2,Active
E0712,2019-11-21,2019-12-01,DepartmentChange,D001,M,JL2,Active
E0712,2019-12-02,2020-01-07,Promotion,D001,M,JL3,Active
E0712,2020-01-08,2020-01-31,JobLevelChange,D001,M,JL3,Active
E0712,2020-02-01,2020-02-01,Termination: Involuntary,D001,M,JL3,Inactive
E0713,2019-04-26,2022-10-13,Hire,D005,F,JL1,Active
E0713,2022-10-14,2022-10-14,Termination: Retirement,D005,F,JL1,Inactive
E0714,2022-03-12,2023-10-30,Hire,D006,M,JL5,Active
E0714,2023-10-31,2024-02-26,Promotion,D006,M,JL6,Active
E0714,2024-02-27,2025-10-15,DepartmentChange,D009,M,JL6,Active
E0714,2025-10-16,9999-12-31,JobLevelChange,D009,M,JL6,Active
E0715,2024-11-15,9999-12-31,Hire,D003,F,JL6,Active
E0716,2023-08-03,9999-12-31,Hire,D003,F,JL1,Active
E0717,2021-04-22,2022-08-14,Hire,D005,F,JL4,Active
E0717,2022-08-15,2022-08-30,Promotion,D005,F,JL5,Active
E0717,2022-08-31,2023-02-09,DepartmentChange,D009,F,JL5,Active
E0717,2023-02-10,2023-06-19,Promotion,D009,F,JL6,Active
E0717,2023-06-20,2023-06-20,Termination: Retirement,D009,F,JL6,Inactive
E0718,2023-12-01,2025-01-16,Hire,D001,F,JL4,Active
E0718,2025-01-17,2025-12-25,JobLevelChange,D001,F,JL5,Active
E0718,2025-12-26,9999-12-31,Promotion,D001,F,JL6,Active
E0719,2023-06-06,2024-06-19,Hire,D010,F,JL5,Active
E0719,2024-06-20,2025-07-08,JobLevelChange,D010,F,JL6,Active
E0719,2025-07-09,9999-12-31,DepartmentChange,D004,F,JL6,Active
E0720,2021-10-08,2022-06-03,Hire,D005,M,JL5,Active
E0720,2022-06-04,2023-10-05,Promotion,D005,M,JL6,Active
E0720,2023-10-06,9999-12-31,JobLevelChange,D005,M,JL5,Active
E0721,2020-10-09,2022-03-17,Hire,D009,F,JL6,Active
E0721,2022-03-18,2023-10-22,JobLevelChange,D009,F,JL1,Active
E0721,2023-10-23,2025-01-24,Promotion,D009,F,JL2,Active
E0721,2025-01-25,2025-06-26,Promotion,D009,F,JL3,Active
E0721,2025-06-27,9999-12-31,DepartmentChange,D002,F,JL3,Active
E0722,2024-08-08,2024-09-17,Hire,D001,F,JL1,Active
E0722,2024-09-18,9999-12-31,Promotion,D001,F,JL2,Active
E0723,2022-05-08,2023-08-06,Hire,D008,M,JL2,Active
E0723,2023-08-07,9999-12-31,DepartmentChange,D003,M,JL2,Active
E0724,2022-07-31,2024-03-09,Hire,D003,F,JL1,Active
E0724,2024-03-10,9999-12-31,JobLevelChange,D003,F,JL4,Active
E0725,2020-04-03,2020-06-12,Hire,D006,M,JL5,Active
E0725,2020-06-13,2021-06-24,JobLevelChange,D006,M,JL3,Active
E0725,2021-06-25,2025-05-23,Promotion,D006,M,JL4,Active
E0725,2025-05-24,2025-05-24,Termination: Voluntary,D006,M,JL4,Inactive
E0726,2024-12-05,2025-03-08,Hire,D005,M,JL6,Active
E0726,2025-03-09,2025-03-26,DepartmentChange,D010,M,JL6,Active
E0726,2025-03-27,2025-03-27,Termination: Voluntary,D010,M,JL6,Inactive
E0727,2023-04-19,2024-12-07,Hire,D010,F,JL1,Active
E0727,2024-12-08,2025-01-17,DepartmentChange,D004,F,JL1,Active
E0727,2025-01-18,2025-07-05,DepartmentChange,D005,F,JL1,Active
E0727,2025-07-06,9999-12-31,JobLevelChange,D005,F,JL5,Active
E0728,2023-06-29,2023-08-27,Hire,D008,M,JL2,Active
E0728,2023-08-28,2023-10-27,DepartmentChange,D004,M,JL2,Active
E0728,2023-10-28,2024-07-20,Promotion,D004,M,JL3,Active
E0728,2024-07-21,2025-05-20,Promotion,D004,M,JL4,Active
E0728,2025-05-21,9999-12-31,DepartmentChange,D007,M,JL4,Active
E0729,2025-03-29,2025-04-04,Hire,D003,M,JL5,Active
E0729,2025-04-05,2025-04-18,Promotion,D003,M,JL6,Active
E0729,2025-04-19,2025-04-19,Termination: Retirement,D003,M,JL6,Inactive
E0730,2024-09-30,2024-10-07,Hire,D010,M,JL3,Active
E0730,2024-10-08,2024-10-08,Termination: Retirement,D010,M,JL3,Inactive
E0731,2022-02-18,2022-05-12,Hire,D007,F,JL5,Active
E0731,2022-05-13,2022-10-27,JobLevelChange,D007,F,JL3,Active
E0731,2022-10-28,2023-12-30,Promotion,D007,F,JL4,Active
E0731,2023-12-31,2024-09-21,DepartmentChange,D006,F,JL4,Active
E0731,2024-09-22,2025-09-10,Promotion,D006,F,JL5,Active
E0731,2025-09-11,2025-09-11,Termination: Voluntary,D006,F,JL5,Inactive
E0732,2023-06-07,2024-05-18,Hire,D003,F,JL1,Active
E0732,2024-05-19,2024-11-21,DepartmentChange,D005,F,JL1,Active
E0732,2024-11-22,2024-12-09,DepartmentChange,D002,F,JL1,Active
E0732,2024-12-10,2025-03-17,Promotion,D002,F,JL2,Active
E0732,2025-03-18,2025-03-18,Termination: Voluntary,D002,F,JL2,Inactive
E0733,2023-08-20,2023-09-25,Hire,D006,M,JL5,Active
E0733,2023-09-26,2023-12-03,DepartmentChange,D007,M,JL5,Active
E0733,2023-12-04,2025-04-24,JobLevelChange,D007,M,JL6,Active
E0733,2025-04-25,2025-08-16,JobLevelChange,D007,M,JL1,Active
E0733,2025-08-17,2025-08-17,Termination: Retirement,D007,M,JL1,Inactive
E0734,2024-01-27,2025-01-11,Hire,D006,M,JL1,Active
E0734,2025-01-12,2025-11-07,DepartmentChange,D006,M,JL1,Active
E0734,2025-11-08,9999-12-31,Promotion,D006,M,JL2,Active
E0735,2024-03-11,2025-03-09,Hire,D002,M,JL3,Active
E0735,2025-03-10,9999-12-31,DepartmentChange,D009,M,JL3,Active
E0736,2022-06-28,2022-08-06,Hire,D007,F,JL6,Active
E0736,2022-08-07,9999-12-31,Promotion,D007,F,JL6,Active
E0737,2024-09-11,2024-09-27,Hire,D002,F,JL2,Active
E0737,2024-09-28,2025-01-31,DepartmentChange,D002,F,JL2,Active
E0737,2025-02-01,2025-02-01,Termination: Retirement,D002,F,JL2,Inactive
E0738,2023-08-29,9999-12-31,Hire,D007,M,JL2,Active
E0739,2019-06-10,2020-08-06,Hire,D001,F,JL2,Active
E0739,2020-08-07,2021-01-30,JobLevelChange,D001,F,JL1,Active
E0739,2021-01-31,2022-08-20,Promotion,D001,F,JL2,Active
E0739,2022-08-21,2023-06-23,DepartmentChange,D007,F,JL2,Active
E0739,2023-06-24,2023-12-28,JobLevelChange,D007,F,JL3,Active
E0739,2023-12-29,2023-12-29,Termination: Involuntary,D007,F,JL3,Inactive
E0740,2024-02-12,2024-08-05,Hire,D008,F,JL3,Active
E0740,2024-08-06,2024-10-22,JobLevelChange,D008,F,JL2,Active
E0740,2024-10-23,2025-02-16,JobLevelChange,D008,F,JL4,Active
E0740,2025-02-17,9999-12-31,JobLevelChange,D008,F,JL6,Active
E0741,2020-01-11,2020-02-24,Hire,D002,F,JL5,Active
E0741,2020-02-25,2021-09-05,JobLevelChange,D002,F,JL3,Active
E0741,2021-09-06,2023-01-05,Promotion,D002,F,JL4,Active
E0741,2023-01-06,2023-06-05,JobLevelChange,D002,F,JL3,Active
E0741,2023-06-06,9999-12-31,JobLevelChange,D002,F,JL4,Active
E0742,2022-05-24,2022-07-08,Hire,D003,F,JL5,Active
E0742,2022-07-09,2023-05-05,DepartmentChange,D008,F,JL5,Active
E0742,2023-05-06,2024-09-01,DepartmentChange,D004,F,JL5,Active
E0742,2024-09-02,2025-06-23,JobLevelChange,D004,F,JL5,Active
E0742,2025-06-24,9999-12-31,Promotion,D004,F,JL6,Active
E0743,2024-03-05,2024-09-28,Hire,D007,F,JL5,Active
E0743,2024-09-29,9999-12-31,JobLevelChange,D007,F,JL5,Active
E0744,2020-03-07,2020-10-22,Hire,D006,F,JL6,Active
E0744,2020-10-23,2020-10-23,Termination: Involuntary,D006,F,JL6,Inactive
E0745,2020-05-08,2020-10-30,Hire,D008,F,JL3,Active
E0745,2020-10-31,9999-12-31,DepartmentChange,D005,F,JL3,Active
E0746,2020-08-15,2021-06-22,Hire,D004,F,JL5,Active
E0746,2021-06-23,9999-12-31,JobLevelChange,D004,F,JL3,Active
E0747,2024-02-23,2024-12-28,Hire,D003,F,JL1,Active
E0747,2024-12-29,9999-12-31,DepartmentChange,D002,F,JL1,Active
E0748,2020-03-17,2020-04-17,Hire,D005,F,JL6,Active
E0748,2020-04-18,2020-08-21,Promotion,D005,F,JL6,Active
E0748,2020-08-22,2021-11-27,DepartmentChange,D001,F,JL6,Active
E0748,2021-11-28,2022-01-25,JobLevelChange,D001,F,JL2,Active
E0748,2022-01-26,2023-07-17,DepartmentChange,D008,F,JL2,Active
E0748,2023-07-18,9999-12-31,JobLevelChange,D008,F,JL4,Active
E0749,2022-05-05,2023-08-02,Hire,D006,M,JL1,Active
E0749,2023-08-03,2023-09-12,JobLevelChange,D006,M,JL1,Active
E0749,2023-09-13,9999-12-31,JobLevelChange,D006,M,JL4,Active
E0750,2023-03-20,2024-09-21,Hire,D004,F,JL1,Active
E0750,2024-09-22,2025-02-23,JobLevelChange,D004,F,JL4,Active
E0750,2025-02-24,2025-09-15,Promotion,D004,F,JL5,Active
E0750,2025-09-16,2025-09-16,Termination: Voluntary,D004,F,JL5,Inactive
E0751,2025-07-04,2025-10-05,Hire,D005,F,JL2,Active
E0751,2025-10-06,2025-10-06,Termination: Involuntary,D005,F,JL2,Inactive
E0752,2023-03-23,2024-02-13,Hire,D007,M,JL3,Active
E0752,2024-02-14,2024-02-28,DepartmentChange,D010,M,JL3,Active
E0752,2024-02-29,2024-04-02,JobLevelChange,D010,M,JL6,Active
E0752,2024-04-03,2024-04-03,Termination: Retirement,D010,M,JL6,Inactive
E0753,2023-10-21,2025-03-24,Hire,D009,M,JL1,Active
E0753,2025-03-25,9999-12-31,JobLevelChange,D009,M,JL3,Active
E0754,2022-06-16,2024-01-17,Hire,D007,F,JL5,Active
E0754,2024-01-18,2024-02-21,Promotion,D007,F,JL6,Active
E0754,2024-02-22,2024-03-13,Promotion,D007,F,JL6,Active
E0754,2024-03-14,2024-03-14,Termination: Retirement,D007,F,JL6,Inactive
E0755,2023-02-10,2023-04-02,Hire,D010,F,JL2,Active
E0755,2023-04-03,2023-08-20,JobLevelChange,D010,F,JL6,Active
E0755,2023-08-21,2024-01-17,JobLevelChange,D010,F,JL6,Active
E0755,2024-01-18,2024-07-15,DepartmentChange,D006,F,JL6,Active
E0755,2024-07-16,2025-12-01,DepartmentChange,D001,F,JL6,Active
E0755,2025-12-02,2025-12-02,Termination: Voluntary,D001,F,JL6,Inactive
E0756,2020-06-10,2020-07-18,Hire,D002,F,JL3,Active
E0756,2020-07-19,2021-09-18,JobLevelChange,D002,F,JL1,Active
E0756,2021-09-19,2023-04-24,DepartmentChange,D007,F,JL1,Active
E0756,2023-04-25,9999-12-31,JobLevelChange,D007,F,JL1,Active
E0757,2025-01-11,2025-05-19,Hire,D010,F,JL5,Active
E0757,2025-05-20,9999-12-31,JobLevelChange,D010,F,JL1,Active
E0758,2019-10-12,2020-04-23,Hire,D009,F,JL6,Active
E0758,2020-04-24,2021-06-17,DepartmentChange,D003,F,JL6,Active
E0758,2021-06-18,2022-09-16,Promotion,D003,F,JL6,Active
E0758,2022-09-17,2022-11-24,JobLevelChange,D003,F,JL2,Active
E0758,2022-11-25,2024-02-17,JobLevelChange,D003,F,JL4,Active
E0758,2024-02-18,9999-12-31,DepartmentChange,D005,F,JL4,Active
E0759,2019-01-15,2023-03-15,Hire,D005,M,JL4,Active
E0759,2023-03-16,2023-03-16,Termination: Voluntary,D005,M,JL4,Inactive
E0760,2019-03-13,2019-06-18,Hire,D005,M,JL1,Active
E0760,2019-06-19,2021-02-01,DepartmentChange,D007,M,JL1,Active
E0760,2021-02-02,2021-05-09,JobLevelChange,D007,M,JL5,Active
E0760,2021-05-10,2025-08-22,JobLevelChange,D007,M,JL5,Active
E0760,2025-08-23,2025-08-23,Termination: Involuntary,D007,M,JL5,Inactive
E0761,2023-06-28,2024-01-15,Hire,D010,F,JL3,Active
E0761,2024-01-16,2025-02-13,JobLevelChange,D010,F,JL6,Active
E0761,2025-02-14,2025-11-26,Promotion,D010,F,JL6,Active
E0761,2025-11-27,9999-12-31,DepartmentChange,D010,F,JL6,Active
E0762,2025-01-21,9999-12-31,Hire,D009,F,JL4,Active
E0763,2022-04-24,2022-11-25,Hire,D007,M,JL1,Active
E0763,2022-11-26,2024-03-12,DepartmentChange,D005,M,JL1,Active
E0763,2024-03-13,2025-04-08,Promotion,D005,M,JL2,Active
E0763,2025-04-09,9999-12-31,DepartmentChange,D002,M,JL2,Active
E0764,2021-05-01,2022-04-26,Hire,D002,M,JL1,Active
E0764,2022-04-27,2022-09-17,Promotion,D002,M,JL2,Active
E0764,2022-09-18,2023-03-07,DepartmentChange,D006,M,JL2,Active
E0764,2023-03-08,2024-04-21,Promotion,D006,M,JL3,Active
E0764,2024-04-22,2024-08-27,JobLevelChange,D006,M,JL3,Active
E0764,2024-08-28,9999-12-31,JobLevelChange,D006,M,JL4,Active
E0765,2023-02-27,9999-12-31,Hire,D003,M,JL2,Active
E0766,2024-04-06,2025-08-15,Hire,D005,M,JL3,Active
E0766,2025-08-16,9999-12-31,Promotion,D005,M,JL4,Active
E0767,2020-03-10,2021-08-04,Hire,D005,F,JL3,Active
E0767,2021-08-05,2021-11-12,Promotion,D005,F,JL4,Active
E0767,2021-11-13,2023-04-01,DepartmentChange,D007,F,JL4,Active
E0767,2023-04-02,2023-07-31,Promotion,D007,F,JL5,Active
E0767,2023-08-01,2023-12-06,JobLevelChange,D007,F,JL3,Active
E0767,2023-12-07,9999-12-31,JobLevelChange,D007,F,JL3,Active
E0768,2021-08-28,2023-04-02,Hire,D009,M,JL2,Active
E0768,2023-04-03,2024-07-09,DepartmentChange,D004,M,JL2,Active
E0768,2024-07-10,2025-08-09,JobLevelChange,D004,M,JL1,Active
E0768,2025-08-10,9999-12-31,JobLevelChange,D004,M,JL2,Active
E0769,2025-05-22,2025-08-09,Hire,D010,F,JL5,Active
E0769,2025-08-10,9999-12-31,DepartmentChange,D009,F,JL5,Active
E0770,2024-05-13,2025-11-13,Hire,D003,F,JL2,Active
E0770,2025-11-14,9999-12-31,DepartmentChange,D009,F,JL2,Active
E0771,2019-02-22,2020-02-13,Hire,D009,M,JL5,Active
E0771,2020-02-14,2020-04-23,JobLevelChange,D009,M,JL1,Active
E0771,2020-04-24,2020-07-30,JobLevelChange,D009,M,JL1,Active
E0771,2020-07-31,2021-04-29,DepartmentChange,D007,M,JL1,Active
E0771,2021-04-30,2021-08-20,DepartmentChange,D002,M,JL1,Active
E0771,2021-08-21,2021-08-21,Termination: Involuntary,D002,M,JL1,Inactive
E0772,2020-07-14,2021-08-11,Hire,D010,F,JL4,Active
E0772,2021-08-12,9999-12-31,Promotion,D010,F,JL5,Active
E0773,2025-11-03,9999-12-31,Hire,D010,M,JL3,Active
E0774,2020-11-09,2021-02-21,Hire,D009,M,JL3,Active
E0774,2021-02-22,2022-09-19,Promotion,D009,M,JL4,Active
E0774,2022-09-20,2024-01-21,Promotion,D009,M,JL5,Active
E0774,2024-01-22,2024-04-05,JobLevelChange,D009,M,JL1,Active
E0774,2024-04-06,2025-08-18,JobLevelChange,D009,M,JL3,Active
E0774,2025-08-19,9999-12-31,JobLevelChange,D009,M,JL1,Active
E0775,2025-03-16,2025-06-06,Hire,D010,M,JL4,Active
E0775,2025-06-07,2025-06-07,Termination: Retirement,D010,M,JL4,Inactive
E0776,2023-09-13,2023-09-26,Hire,D010,M,JL5,Active
E0776,2023-09-27,2023-10-08,Promotion,D010,M,JL6,Active
E0776,2023-10-09,2023-10-14,DepartmentChange,D004,M,JL6,Active
E0776,2023-10-15,2023-10-15,Termination: Retirement,D004,M,JL6,Inactive
E0777,2023-06-19,2024-05-05,Hire,D001,F,JL6,Active
E0777,2024-05-06,9999-12-31,DepartmentChange,D001,F,JL6,Active
E0778,2025-12-22,9999-12-31,Hire,D004,F,JL4,Active
E0779,2020-07-26,9999-12-31,Hire,D009,M,JL2,Active
E0780,2024-02-18,2025-04-29,Hire,D001,M,JL3,Active
E0780,2025-04-30,9999-12-31,Promotion,D001,M,JL4,Active
E0781,2019-06-11,2019-07-03,Hire,D002,F,JL6,Active
E0781,2019-07-04,2019-08-03,Promotion,D002,F,JL6,Active
E0781,2019-08-04,2019-11-03,Promotion,D002,F,JL6,Active
E0781,2019-11-04,2019-12-04,JobLevelChange,D002,F,JL3,Active
E0781,2019-12-05,2019-12-05,Termination: Involuntary,D002,F,JL3,Inactive
E0782,2024-05-18,9999-12-31,Hire,D001,F,JL5,Active
E0783,2022-01-29,2023-01-31,Hire,D001,M,JL5,Active
E0783,2023-02-01,2023-05-21,DepartmentChange,D006,M,JL5,Active
E0783,2023-05-22,2023-09-20,JobLevelChange,D006,M,JL3,Active
E0783,2023-09-21,2025-01-26,Promotion,D006,M,JL4,Active
E0783,2025-01-27,2025-01-27,Termination: Retirement,D006,M,JL4,Inactive
E0784,2025-06-14,9999-12-31,Hire,D004,F,JL1,Active
E0785,2025-01-24,2025-01-30,Hire,D003,F,JL4,Active
E0785,2025-01-31,2025-01-31,Termination: Involuntary,D003,F,JL4,Inactive
E0786,2022-09-15,2022-11-24,Hire,D003,M,JL1,Active
E0786,2022-11-25,2023-03-10,JobLevelChange,D003,M,JL3,Active
E0786,2023-03-11,2023-07-23,Promotion,D003,M,JL4,Active
E0786,2023-07-24,2023-09-05,Promotion,D003,M,JL5,Active
E0786,2023-09-06,2023-09-06,Termination: Involuntary,D003,M,JL5,Inactive
E0787,2023-01-02,2023-05-23,Hire,D005,F,JL3,Active
E0787,2023-05-24,2024-10-30,Promotion,D005,F,JL4,Active
E0787,2024-10-31,2025-07-16,Promotion,D005,F,JL5,Active
E0787,2025-07-17,9999-12-31,JobLevelChange,D005,F,JL1,Active
E0788,2020-02-15,2021-02-21,Hire,D003,F,JL6,Active
E0788,2021-02-22,2021-08-28,Promotion,D003,F,JL6,Active
E0788,2021-08-29,2022-05-11,JobLevelChange,D003,F,JL6,Active
E0788,2022-05-12,2022-06-27,JobLevelChange,D003,F,JL1,Active
E0788,2022-06-28,9999-12-31,Promotion,D003,F,JL2,Active
E0789,2021-06-21,2023-01-23,Hire,D006,M,JL3,Active
E0789,2023-01-24,9999-12-31,DepartmentChange,D010,M,JL3,Active
E0790,2025-04-05,9999-12-31,Hire,D003,M,JL5,Active
E0791,2019-09-17,9999-12-31,Hire,D010,F,JL2,Active
E0792,2024-11-14,2025-11-12,Hire,D007,F,JL5,Active
E0792,2025-11-13,9999-12-31,DepartmentChange,D003,F,JL5,Active
E0793,2019-07-02,2019-08-29,Hire,D009,M,JL6,Active
E0793,2019-08-30,2020-08-14,Promotion,D009,M,JL6,Active
E0793,2020-08-15,2021-10-12,DepartmentChange,D006,M,JL6,Active
E0793,2021-10-13,2022-01-25,Promotion,D006,M,JL6,Active
E0793,2022-01-26,2024-01-25,JobLevelChange,D006,M,JL1,Active
E0793,2024-01-26,2024-01-26,Termination: Retirement,D006,M,JL1,Inactive
E0794,2024-10-04,2024-12-29,Hire,D008,F,JL6,Active
E0794,2024-12-30,2025-05-16,DepartmentChange,D004,F,JL6,Active
E0794,2025-05-17,2025-05-17,Termination: Retirement,D004,F,JL6,Inactive
E0795,2020-08-04,2021-09-13,Hire,D004,F,JL6,Active
E0795,2021-09-14,2023-04-13,Promotion,D004,F,JL6,Active
E0795,2023-04-14,2024-01-26,JobLevelChange,D004,F,JL6,Active
E0795,2024-01-27,2024-10-07,JobLevelChange,D004,F,JL6,Active
E0795,2024-10-08,9999-12-31,Promotion,D004,F,JL6,Active
E0796,2023-11-24,2023-12-23,Hire,D001,F,JL6,Active
E0796,2023-12-24,2024-02-02,Promotion,D001,F,JL6,Active
E0796,2024-02-03,2024-03-14,DepartmentChange,D001,F,JL6,Active
E0796,2024-03-15,2024-03-15,Termination: Retirement,D001,F,JL6,Inactive
E0797,2024-08-20,2024-11-11,Hire,D003,M,JL6,Active
E0797,2024-11-12,2024-11-12,Termination: Voluntary,D003,M,JL6,Inactive
E0798,2020-10-31,2021-06-27,Hire,D009,M,JL1,Active
E0798,2021-06-28,2021-10-04,Promotion,D009,M,JL2,Active
E0798,2021-10-05,2023-04-14,Promotion,D009,M,JL3,Active
E0798,2023-04-15,2024-03-13,DepartmentChange,D007,M,JL3,Active
E0798,2024-03-14,9999-12-31,JobLevelChange,D007,M,JL2,Active
E0799,2019-08-17,2020-01-20,Hire,D005,F,JL5,Active
E0799,2020-01-21,2020-07-06,Promotion,D005,F,JL6,Active
E0799,2020-07-07,9999-12-31,JobLevelChange,D005,F,JL1,Active
E0800,2022-12-28,2023-03-02,Hire,D007,M,JL5,Active
E0800,2023-03-03,2023-12-25,Promotion,D007,M,JL6,Active
E0800,2023-12-26,2024-07-30,DepartmentChange,D002,M,JL6,Active
E0800,2024-07-31,2024-12-04,Promotion,D002,M,JL6,Active
E0800,2024-12-05,9999-12-31,DepartmentChange,D008,M,JL6,Active
E0801,2020-03-16,2020-10-26,Hire,D001,M,JL4,Active
E0801,2020-10-27,2020-12-30,Promotion,D001,M,JL5,Active
E0801,2020-12-31,2021-01-23,DepartmentChange,D006,M,JL5,Active
E0801,2021-01-24,2021-07-11,JobLevelChange,D006,M,JL1,Active
E0801,2021-07-12,2021-08-31,Promotion,D006,M,JL2,Active
E0801,2021-09-01,2021-09-01,Termination: Retirement,D006,M,JL2,Inactive
E0802,2021-06-21,2021-09-21,Hire,D001,F,JL5,Active
E0802,2021-09-22,2022-08-22,JobLevelChange,D001,F,JL1,Active
E0802,2022-08-23,2022-12-22,JobLevelChange,D001,F,JL2,Active
E0802,2022-12-23,2024-02-17,DepartmentChange,D002,F,JL2,Active
E0802,2024-02-18,2024-09-20,DepartmentChange,D003,F,JL2,Active
E0802,2024-09-21,2025-01-09,DepartmentChange,D003,F,JL2,Active
E0802,2025-01-10,2025-01-10,Termination: Voluntary,D003,F,JL2,Inactive
E0803,2023-09-14,9999-12-31,Hire,D004,F,JL1,Active
E0804,2019-12-29,9999-12-31,Hire,D005,F,JL4,Active
E0805,2022-09-11,2023-04-07,Hire,D004,M,JL2,Active
E0805,2023-04-08,9999-12-31,JobLevelChange,D004,M,JL2,Active
E0806,2019-07-08,2020-02-17,Hire,D007,M,JL1,Active
E0806,2020-02-18,2020-06-13,JobLevelChange,D007,M,JL1,Active
E0806,2020-06-14,2020-10-18,JobLevelChange,D007,M,JL1,Active
E0806,2020-10-19,2021-07-20,JobLevelChange,D007,M,JL5,Active
E0806,2021-07-21,2021-07-21,Termination: Voluntary,D007,M,JL5,Inactive
E0807,2022-12-03,2023-06-28,Hire,D010,F,JL3,Active
E0807,2023-06-29,2023-06-29,Termination: Voluntary,D010,F,JL3,Inactive
E0808,2021-12-13,2023-01-31,Hire,D004,M,JL5,Active
E0808,2023-02-01,9999-12-31,JobLevelChange,D004,M,JL6,Active
E0809,2021-06-13,2022-01-26,Hire,D004,M,JL3,Active
E0809,2022-01-27,2022-09-30,Promotion,D004,M,JL4,Active
E0809,2022-10-01,2024-01-21,Promotion,D004,M,JL5,Active
E0809,2024-01-22,2024-08-24,DepartmentChange,D006,M,JL5,Active
E0809,2024-08-25,9999-12-31,DepartmentChange,D001,M,JL5,Active
E0810,2021-11-24,2023-02-06,Hire,D004,M,JL3,Active
E0810,2023-02-07,2024-07-08,JobLevelChange,D004,M,JL6,Active
E0810,2024-07-09,9999-12-31,Promotion,D004,M,JL6,Active
E0811,2025-06-03,2025-06-29,Hire,D001,F,JL1,Active
E0811,2025-06-30,2025-06-30,Termination: Involuntary,D001,F,JL1,Inactive
E0812,2025-01-07,2025-08-09,Hire,D008,F,JL3,Active
E0812,2025-08-10,2025-08-10,Termination: Involuntary,D008,F,JL3,Inactive
E0813,2022-10-13,2023-03-23,Hire,D004,F,JL2,Active
E0813,2023-03-24,2023-12-20,DepartmentChange,D003,F,JL2,Active
E0813,2023-12-21,9999-12-31,Promotion,D003,F,JL3,Active
E0814,2025-02-19,9999-12-31,Hire,D008,M,JL2,Active
E0815,2019-01-04,2020-03-30,Hire,D009,F,JL6,Active
E0815,2020-03-31,2020-08-14,DepartmentChange,D002,F,JL6,Active
E0815,2020-08-15,2021-01-19,JobLevelChange,D002,F,JL5,Active
E0815,2021-01-20,2021-08-07,JobLevelChange,D002,F,JL5,Active
E0815,2021-08-08,2022-07-10,DepartmentChange,D008,F,JL5,Active
E0815,2022-07-11,2024-03-27,JobLevelChange,D008,F,JL4,Active
E0815,2024-03-28,2024-03-28,Termination: Involuntary,D008,F,JL4,Inactive
E0816,2021-07-01,9999-12-31,Hire,D004,M,JL3,Active
E0817,2020-12-18,2022-06-02,Hire,D005,F,JL1,Active
E0817,2022-06-03,2023-05-16,DepartmentChange,D004,F,JL1,Active
E0817,2023-05-17,9999-12-31,DepartmentChange,D009,F,JL1,Active
E0818,2023-06-26,9999-12-31,Hire,D010,M,JL6,Active
E0819,2025-05-13,9999-12-31,Hire,D005,M,JL6,Active
E0820,2021-03-25,9999-12-31,Hire,D009,F,JL4,Active
E0821,2025-05-09,9999-12-31,Hire,D005,M,JL4,Active
E0822,2025-03-12,2025-03-18,Hire,D002,M,JL1,Active
E0822,2025-03-19,2025-07-20,JobLevelChange,D002,M,JL3,Active
E0822,2025-07-21,2025-07-21,Termination: Involuntary,D002,M,JL3,Inactive
E0823,2019-06-06,2020-07-11,Hire,D004,F,JL6,Active
E0823,2020-07-12,2021-07-16,Promotion,D004,F,JL6,Active
E0823,2021-07-17,2021-10-12,JobLevelChange,D004,F,JL5,Active
E0823,2021-10-13,2022-07-23,DepartmentChange,D007,F,JL5,Active
E0823,2022-07-24,2024-02-28,DepartmentChange,D007,F,JL5,Active
E0823,2024-02-29,9999-12-31,JobLevelChange,D007,F,JL5,Active
E0824,2023-10-09,2024-05-30,Hire,D007,F,JL5,Active
E0824,2024-05-31,2024-07-04,DepartmentChange,D010,F,JL5,Active
E0824,2024-07-05,9999-12-31,DepartmentChange,D007,F,JL5,Active
E0825,2025-10-14,9999-12-31,Hire,D006,M,JL5,Active
E0826,2024-01-03,2024-11-12,Hire,D003,M,JL2,Active
E0826,2024-11-13,2025-11-09,Promotion,D003,M,JL3,Active
E0826,2025-11-10,9999-12-31,JobLevelChange,D003,M,JL3,Active
E0827,2025-06-16,9999-12-31,Hire,D007,F,JL3,Active
E0828,2020-10-31,2022-01-28,Hire,D010,F,JL1,Active
E0828,2022-01-29,2022-06-18,JobLevelChange,D010,F,JL4,Active
E0828,2022-06-19,2022-09-26,Promotion,D010,F,JL5,Active
E0828,2022-09-27,2023-04-19,DepartmentChange,D010,F,JL5,Active
E0828,2023-04-20,2023-07-12,JobLevelChange,D010,F,JL6,Active
E0828,2023-07-13,9999-12-31,Promotion,D010,F,JL6,Active
E0829,2023-10-27,2024-03-10,Hire,D007,M,JL1,Active
E0829,2024-03-11,2025-04-26,DepartmentChange,D002,M,JL1,Active
E0829,2025-04-27,9999-12-31,DepartmentChange,D005,M,JL1,Active
E0830,2023-12-01,2023-12-02,Hire,D003,M,JL1,Active
E0830,2023-12-03,2023-12-04,Promotion,D003,M,JL2,Active
E0830,2023-12-05,2023-12-05,Termination: Retirement,D003,M,JL2,Inactive
E0831,2023-01-06,2023-08-11,Hire,D007,F,JL2,Active
E0831,2023-08-12,2023-09-01,Promotion,D007,F,JL3,Active
E0831,2023-09-02,2023-09-02,Termination: Involuntary,D007,F,JL3,Inactive
E0832,2024-05-05,2024-06-16,Hire,D004,M,JL1,Active
E0832,2024-06-17,2025-11-27,JobLevelChange,D004,M,JL3,Active
E0832,2025-11-28,9999-12-31,JobLevelChange,D004,M,JL3,Active
E0833,2022-03-27,2022-08-16,Hire,D007,M,JL4,Active
E0833,2022-08-17,2022-11-28,DepartmentChange,D001,M,JL4,Active
E0833,2022-11-29,2024-01-16,Promotion,D001,M,JL5,Active
E0833,2024-01-17,9999-12-31,JobLevelChange,D001,M,JL5,Active
E0834,2023-09-28,2024-05-13,Hire,D004,F,JL6,Active
E0834,2024-05-14,2024-09-11,DepartmentChange,D010,F,JL6,Active
E0834,2024-09-12,2024-11-17,DepartmentChange,D001,F,JL6,Active
E0834,2024-11-18,2024-11-30,DepartmentChange,D005,F,JL6,Active
E0834,2024-12-01,2024-12-18,DepartmentChange,D005,F,JL6,Active
E0834,2024-12-19,2024-12-19,Termination: Retirement,D005,F,JL6,Inactive
E0835,2021-09-22,2021-11-29,Hire,D008,M,JL5,Active
E0835,2021-11-30,2022-11-28,JobLevelChange,D008,M,JL3,Active
E0835,2022-11-29,2023-06-02,DepartmentChange,D010,M,JL3,Active
E0835,2023-06-03,2024-09-29,Promotion,D010,M,JL4,Active
E0835,2024-09-30,2025-01-04,JobLevelChange,D010,M,JL2,Active
E0835,2025-01-05,9999-12-31,Promotion,D010,M,JL3,Active
E0836,2021-05-14,2021-12-14,Hire,D006,M,JL3,Active
E0836,2021-12-15,2022-03-23,JobLevelChange,D006,M,JL4,Active
E0836,2022-03-24,2024-10-13,Promotion,D006,M,JL5,Active
E0836,2024-10-14,2024-10-14,Termination: Involuntary,D006,M,JL5,Inactive
E0837,2021-06-04,2022-01-16,Hire,D002,F,JL6,Active
E0837,2022-01-17,2023-08-10,Promotion,D002,F,JL6,Active
E0837,2023-08-11,2025-08-03,JobLevelChange,D002,F,JL4,Active
E0837,2025-08-04,2025-08-04,Termination: Voluntary,D002,F,JL4,Inactive
E0838,2021-10-07,9999-12-31,Hire,D004,F,JL2,Active
E0839,2022-09-27,2023-04-01,Hire,D001,M,JL1,Active
E0839,2023-04-02,2023-12-03,Promotion,D001,M,JL2,Active
E0839,2023-12-04,2024-01-27,DepartmentChange,D010,M,JL2,Active
E0839,2024-01-28,2025-08-10,DepartmentChange,D005,M,JL2,Active
E0839,2025-08-11,9999-12-31,DepartmentChange,D002,M,JL2,Active
E0840,2020-07-20,2020-08-20,Hire,D003,F,JL6,Active
E0840,2020-08-21,2021-10-01,JobLevelChange,D003,F,JL3,Active
E0840,2021-10-02,2023-03-24,JobLevelChange,D003,F,JL4,Active
E0840,2023-03-25,2024-04-13,JobLevelChange,D003,F,JL5,Active
E0840,2024-04-14,2024-04-14,Termination: Voluntary,D003,F,JL5,Inactive
E0841,2023-08-29,2024-08-08,Hire,D006,F,JL5,Active
E0841,2024-08-09,2024-08-11,DepartmentChange,D010,F,JL5,Active
E0841,2024-08-12,2024-08-16,JobLevelChange,D010,F,JL2,Active
E0841,2024-08-17,2024-08-31,DepartmentChange,D006,F,JL2,Active
E0841,2024-09-01,2024-09-02,JobLevelChange,D006,F,JL6,Active
E0841,2024-09-03,2024-09-03,Termination: Voluntary,D006,F,JL6,Inactive
E0842,2021-03-29,9999-12-31,Hire,D009,F,JL5,Active
E0843,2021-06-08,2022-08-21,Hire,D004,M,JL6,Active
E0843,2022-08-22,2022-09-26,Promotion,D004,M,JL6,Active
E0843,2022-09-27,9999-12-31,DepartmentChange,D007,M,JL6,Active
E0844,2022-03-24,2022-03-27,Hire,D009,M,JL6,Active
E0844,2022-03-28,2022-03-28,JobLevelChange,D009,M,JL3,Active
E0844,2022-03-29,2022-03-29,Termination: Retirement,D009,M,JL3,Inactive
E0845,2020-03-31,2020-08-31,Hire,D003,M,JL1,Active
E0845,2020-09-01,9999-12-31,Promotion,D003,M,JL2,Active
E0846,2019-09-17,2020-03-28,Hire,D008,F,JL2,Active
E0846,2020-03-29,9999-12-31,JobLevelChange,D008,F,JL3,Active
E0847,2019-09-18,2019-11-28,Hire,D004,F,JL2,Active
E0847,2019-11-29,2020-02-02,Promotion,D004,F,JL3,Active
E0847,2020-02-03,2020-02-19,JobLevelChange,D004,F,JL3,Active
E0847,2020-02-20,2020-02-20,Termination: Retirement,D004,F,JL3,Inactive
E0848,2021-05-31,2022-10-31,Hire,D010,F,JL2,Active
E0848,2022-11-01,2023-11-22,DepartmentChange,D004,F,JL2,Active
E0848,2023-11-23,2024-12-05,Promotion,D004,F,JL3,Active
E0848,2024-12-06,9999-12-31,JobLevelChange,D004,F,JL6,Active
E0849,2021-03-12,2021-07-03,Hire,D010,M,JL4,Active
E0849,2021-07-04,2024-04-01,DepartmentChange,D001,M,JL4,Active
E0849,2024-04-02,2024-04-02,Termination: Voluntary,D001,M,JL4,Inactive
E0850,2023-05-09,9999-12-31,Hire,D006,M,JL4,Active
E0851,2022-11-01,2023-11-30,Hire,D010,M,JL4,Active
E0851,2023-12-01,2025-06-12,JobLevelChange,D010,M,JL1,Active
E0851,2025-06-13,9999-12-31,JobLevelChange,D010,M,JL5,Active
E0852,2020-11-08,2020-11-18,Hire,D004,M,JL3,Active
E0852,2020-11-19,2021-01-12,DepartmentChange,D002,M,JL3,Active
E0852,2021-01-13,2021-01-13,Termination: Involuntary,D002,M,JL3,Inactive
E0853,2020-06-09,2020-08-17,Hire,D003,M,JL3,Active
E0853,2020-08-18,2021-12-18,DepartmentChange,D010,M,JL3,Active
E0853,2021-12-19,2022-10-16,DepartmentChange,D007,M,JL3,Active
E0853,2022-10-17,2024-02-05,JobLevelChange,D007,M,JL3,Active
E0853,2024-02-06,9999-12-31,Promotion,D007,M,JL4,Active
E0854,2019-10-14,2020-02-06,Hire,D004,F,JL1,Active
E0854,2020-02-07,2020-05-23,DepartmentChange,D009,F,JL1,Active
E0854,2020-05-24,9999-12-31,Promotion,D009,F,JL2,Active
E0855,2021-12-20,2022-08-01,Hire,D002,F,JL2,Active
E0855,2022-08-02,2023-09-26,DepartmentChange,D002,F,JL2,Active
E0855,2023-09-27,9999-12-31,Promotion,D002,F,JL3,Active
E0856,2024-01-10,2024-05-23,Hire,D006,M,JL3,Active
E0856,2024-05-24,2024-10-30,JobLevelChange,D006,M,JL2,Active
E0856,2024-10-31,9999-12-31,DepartmentChange,D008,M,JL2,Active
E0857,2021-11-24,2022-12-01,Hire,D010,M,JL2,Active
E0857,2022-12-02,2024-05-23,Promotion,D010,M,JL3,Active
E0857,2024-05-24,2025-07-29,DepartmentChange,D010,M,JL3,Active
E0857,2025-07-30,9999-12-31,DepartmentChange,D001,M,JL3,Active
E0858,2024-09-13,9999-12-31,Hire,D005,M,JL3,Active
E0859,2022-05-24,2023-11-30,Hire,D005,F,JL3,Active
E0859,2023-12-01,2024-07-01,DepartmentChange,D005,F,JL3,Active
E0859,2024-07-02,9999-12-31,Promotion,D005,F,JL4,Active
E0860,2024-11-30,2025-06-01,Hire,D005,M,JL3,Active
E0860,2025-06-02,9999-12-31,Promotion,D005,M,JL4,Active
E0861,2021-12-15,2022-07-09,Hire,D006,M,JL2,Active
E0861,2022-07-10,2023-11-15,JobLevelChange,D006,M,JL3,Active
E0861,2023-11-16,2025-01-07,JobLevelChange,D006,M,JL5,Active
E0861,2025-01-08,2025-07-01,DepartmentChange,D010,M,JL5,Active
E0861,2025-07-02,9999-12-31,Promotion,D010,M,JL6,Active
E0862,2022-01-07,9999-12-31,Hire,D002,M,JL6,Active
E0863,2020-11-12,2021-12-28,Hire,D005,M,JL6,Active
E0863,2021-12-29,9999-12-31,Promotion,D005,M,JL6,Active
E0864,2024-12-05,2025-01-21,Hire,D003,F,JL5,Active
E0864,2025-01-22,2025-01-22,Termination: Retirement,D003,F,JL5,Inactive
E0865,2025-11-13,9999-12-31,Hire,D007,F,JL1,Active
E0866,2022-04-08,2023-07-31,Hire,D001,M,JL3,Active
E0866,2023-08-01,2024-04-09,DepartmentChange,D008,M,JL3,Active
E0866,2024-04-10,9999-12-31,DepartmentChange,D003,M,JL3,Active
E0867,2022-11-09,2023-06-09,Hire,D009,M,JL5,Active
E0867,2023-06-10,2024-03-16,DepartmentChange,D005,M,JL5,Active
E0867,2024-03-17,2025-06-06,Promotion,D005,M,JL6,Active
E0867,2025-06-07,2025-07-25,Promotion,D005,M,JL6,Active
E0867,2025-07-26,9999-12-31,Promotion,D005,M,JL6,Active
E0868,2020-03-04,9999-12-31,Hire,D001,F,JL4,Active
E0869,2023-01-26,2023-10-17,Hire,D007,F,JL3,Active
E0869,2023-10-18,2023-10-18,Termination: Voluntary,D007,F,JL3,Inactive
E0870,2020-11-02,2022-02-15,Hire,D002,F,JL4,Active
E0870,2022-02-16,2022-10-26,DepartmentChange,D002,F,JL4,Active
E0870,2022-10-27,2024-01-04,JobLevelChange,D002,F,JL4,Active
E0870,2024-01-05,2024-11-10,DepartmentChange,D002,F,JL4,Active
E0870,2024-11-11,2025-09-21,Promotion,D002,F,JL5,Active
E0870,2025-09-22,9999-12-31,Promotion,D002,F,JL6,Active
E0871,2023-07-11,2024-01-18,Hire,D001,M,JL4,Active
E0871,2024-01-19,2024-01-19,Termination: Voluntary,D001,M,JL4,Inactive
E0872,2022-07-01,2022-07-03,Hire,D005,F,JL6,Active
E0872,2022-07-04,2022-08-07,Promotion,D005,F,JL6,Active
E0872,2022-08-08,2022-08-24,DepartmentChange,D002,F,JL6,Active
E0872,2022-08-25,2022-10-20,JobLevelChange,D002,F,JL5,Active
E0872,2022-10-21,2022-10-21,Termination: Retirement,D002,F,JL5,Inactive
E0873,2023-07-16,2024-11-08,Hire,D003,F,JL6,Active
E0873,2024-11-09,2025-06-21,DepartmentChange,D001,F,JL6,Active
E0873,2025-06-22,9999-12-31,DepartmentChange,D009,F,JL6,Active
E0874,2024-01-09,2025-04-07,Hire,D006,M,JL2,Active
E0874,2025-04-08,2025-05-17,DepartmentChange,D004,M,JL2,Active
E0874,2025-05-18,2025-05-18,Termination: Retirement,D004,M,JL2,Inactive
E0875,2025-11-03,9999-12-31,Hire,D002,F,JL4,Active
E0876,2021-10-06,9999-12-31,Hire,D002,M,JL6,Active
E0877,2025-09-11,9999-12-31,Hire,D006,F,JL2,Active
E0878,2021-10-14,2021-11-29,Hire,D009,M,JL4,Active
E0878,2021-11-30,2021-12-13,JobLevelChange,D009,M,JL5,Active
E0878,2021-12-14,2022-07-26,JobLevelChange,D009,M,JL2,Active
E0878,2022-07-27,2022-07-27,Termination: Voluntary,D009,M,JL2,Inactive
E0879,2019-11-02,2019-12-27,Hire,D001,F,JL4,Active
E0879,2019-12-28,2020-07-24,DepartmentChange,D003,F,JL4,Active
E0879,2020-07-25,2021-08-23,JobLevelChange,D003,F,JL5,Active
E0879,2021-08-24,2023-03-19,DepartmentChange,D009,F,JL5,Active
E0879,2023-03-20,9999-12-31,JobLevelChange,D009,F,JL5,Active
E0880,2022-01-21,2022-08-27,Hire,D003,F,JL2,Active
E0880,2022-08-28,2024-02-17,DepartmentChange,D009,F,JL2,Active
E0880,2024-02-18,2025-05-11,Promotion,D009,F,JL3,Active
E0880,2025-05-12,9999-12-31,Promotion,D009,F,JL4,Active
E0881,2022-09-04,2023-05-21,Hire,D007,F,JL3,Active
E0881,2023-05-22,2024-02-05,DepartmentChange,D009,F,JL3,Active
E0881,2024-02-06,9999-12-31,DepartmentChange,D002,F,JL3,Active
E0882,2019-05-04,2020-02-21,Hire,D005,F,JL1,Active
E0882,2020-02-22,2020-05-19,Promotion,D005,F,JL2,Active
E0882,2020-05-20,2021-08-04,DepartmentChange,D009,F,JL2,Active
E0882,2021-08-05,2021-10-11,Promotion,D009,F,JL3,Active
E0882,2021-10-12,2022-11-07,JobLevelChange,D009,F,JL2,Active
E0882,2022-11-08,9999-12-31,JobLevelChange,D009,F,JL5,Active
E0883,2019-01-26,2019-04-04,Hire,D009,M,JL3,Active
E0883,2019-04-05,2019-12-03,DepartmentChange,D008,M,JL3,Active
E0883,2019-12-04,9999-12-31,Promotion,D008,M,JL4,Active
E0884,2022-04-07,9999-12-31,Hire,D006,F,JL5,Active
E0885,2023-03-06,2024-04-20,Hire,D005,M,JL2,Active
E0885,2024-04-21,2024-08-20,Promotion,D005,M,JL3,Active
E0885,2024-08-21,2024-09-23,DepartmentChange,D005,M,JL3,Active
E0885,2024-09-24,2025-05-17,DepartmentChange,D006,M,JL3,Active
E0885,2025-05-18,9999-12-31,Promotion,D006,M,JL4,Active
E0886,2024-04-09,2024-05-26,Hire,D001,F,JL3,Active
E0886,2024-05-27,2024-06-16,Promotion,D001,F,JL4,Active
E0886,2024-06-17,2024-06-19,DepartmentChange,D005,F,JL4,Active
E0886,2024-06-20,2024-06-25,DepartmentChange,D010,F,JL4,Active
E0886,2024-06-26,2024-06-26,Termination: Retirement,D010,F,JL4,Inactive
E0887,2024-06-20,2024-12-15,Hire,D005,F,JL3,Active
E0887,2024-12-16,2025-11-24,Promotion,D005,F,JL4,Active
E0887,2025-11-25,9999-12-31,Promotion,D005,F,JL5,Active
E0888,2019-09-17,2019-11-06,Hire,D007,F,JL6,Active
E0888,2019-11-07,2022-06-04,DepartmentChange,D007,F,JL6,Active
E0888,2022-06-05,2022-06-05,Termination: Involuntary,D007,F,JL6,Inactive
E0889,2024-03-30,2024-10-14,Hire,D007,F,JL3,Active
E0889,2024-10-15,2025-03-16,Promotion,D007,F,JL4,Active
E0889,2025-03-17,2025-03-17,Termination: Involuntary,D007,F,JL4,Inactive
E0890,2019-04-03,2020-09-28,Hire,D002,F,JL3,Active
E0890,2020-09-29,2022-01-19,DepartmentChange,D002,F,JL3,Active
E0890,2022-01-20,2023-04-08,JobLevelChange,D002,F,JL2,Active
E0890,2023-04-09,2023-05-29,Promotion,D002,F,JL3,Active
E0890,2023-05-30,2023-09-20,JobLevelChange,D002,F,JL3,Active
E0890,2023-09-21,9999-12-31,JobLevelChange,D002,F,JL5,Active
E0891,2021-06-24,2021-07-31,Hire,D001,F,JL4,Active
E0891,2021-08-01,2021-11-04,DepartmentChange,D007,F,JL4,Active
E0891,2021-11-05,2021-11-22,JobLevelChange,D007,F,JL2,Active
E0891,2021-11-23,2021-11-23,Termination: Involuntary,D007,F,JL2,Inactive
E0892,2020-12-10,9999-12-31,Hire,D002,M,JL2,Active
E0893,2019-04-08,2019-08-05,Hire,D010,F,JL5,Active
E0893,2019-08-06,9999-12-31,DepartmentChange,D007,F,JL5,Active
E0894,2021-11-12,2022-05-30,Hire,D006,M,JL1,Active
E0894,2022-05-31,2022-09-08,JobLevelChange,D006,M,JL5,Active
E0894,2022-09-09,2022-09-12,JobLevelChange,D006,M,JL6,Active
E0894,2022-09-13,2022-09-13,Termination: Voluntary,D006,M,JL6,Inactive
E0895,2025-01-23,9999-12-31,Hire,D006,F,JL4,Active
E0896,2020-01-21,2020-05-13,Hire,D005,F,JL5,Active
E0896,2020-05-14,2021-07-10,JobLevelChange,D005,F,JL3,Active
E0896,2021-07-11,9999-12-31,Promotion,D005,F,JL4,Active
E0897,2022-11-17,2023-05-25,Hire,D002,M,JL1,Active
E0897,2023-05-26,2024-02-20,Promotion,D002,M,JL2,Active
E0897,2024-02-21,2025-08-06,DepartmentChange,D008,M,JL2,Active
E0897,2025-08-07,9999-12-31,DepartmentChange,D006,M,JL2,Active
E0898,2024-06-15,2024-12-17,Hire,D007,M,JL3,Active
E0898,2024-12-18,9999-12-31,Promotion,D007,M,JL4,Active
E0899,2020-06-01,2021-04-30,Hire,D002,F,JL1,Active
E0899,2021-05-01,2022-06-28,Promotion,D002,F,JL2,Active
E0899,2022-06-29,2023-04-02,JobLevelChange,D002,F,JL2,Active
E0899,2023-04-03,2023-05-24,JobLevelChange,D002,F,JL4,Active
E0899,2023-05-25,9999-12-31,DepartmentChange,D004,F,JL4,Active
E0900,2022-06-04,2023-10-10,Hire,D001,M,JL5,Active
E0900,2023-10-11,2024-10-11,Promotion,D001,M,JL6,Active
E0900,2024-10-12,2025-03-29,JobLevelChange,D001,M,JL6,Active
E0900,2025-03-30,9999-12-31,JobLevelChange,D001,M,JL2,Active
E0901,2022-04-29,2023-10-07,Hire,D007,F,JL5,Active
E0901,2023-10-08,9999-12-31,DepartmentChange,D010,F,JL5,Active
E0902,2022-07-21,2023-08-17,Hire,D005,F,JL1,Active
E0902,2023-08-18,2024-07-12,Promotion,D005,F,JL2,Active
E0902,2024-07-13,9999-12-31,Promotion,D005,F,JL3,Active
E0903,2025-08-05,2025-12-27,Hire,D005,M,JL4,Active
E0903,2025-12-28,9999-12-31,DepartmentChange,D008,M,JL4,Active
E0904,2024-08-09,2024-11-04,Hire,D002,M,JL4,Active
E0904,2024-11-05,2024-11-11,DepartmentChange,D003,M,JL4,Active
E0904,2024-11-12,2025-01-08,Promotion,D003,M,JL5,Active
E0904,2025-01-09,2025-01-09,Termination: Involuntary,D003,M,JL5,Inactive
E0905,2022-04-07,2023-07-02,Hire,D007,M,JL2,Active
E0905,2023-07-03,2024-01-14,DepartmentChange,D007,M,JL2,Active
E0905,2024-01-15,2025-04-30,DepartmentChange,D008,M,JL2,Active
E0905,2025-05-01,2025-05-21,Promotion,D008,M,JL3,Active
E0905,2025-05-22,2025-05-22,Termination: Voluntary,D008,M,JL3,Inactive
E0906,2020-02-06,2022-10-16,Hire,D009,F,JL4,Active
E0906,2022-10-17,2022-10-17,Termination: Involuntary,D009,F,JL4,Inactive
E0907,2024-03-25,9999-12-31,Hire,D002,F,JL4,Active
E0908,2025-05-13,2025-10-21,Hire,D002,F,JL2,Active
E0908,2025-10-22,9999-12-31,DepartmentChange,D006,F,JL2,Active
E0909,2022-11-19,2023-11-13,Hire,D007,F,JL1,Active
E0909,2023-11-14,2024-02-03,Promotion,D007,F,JL2,Active
E0909,2024-02-04,9999-12-31,DepartmentChange,D001,F,JL2,Active
E0910,2020-07-19,2022-01-19,Hire,D007,M,JL2,Active
E0910,2022-01-20,2023-04-26,JobLevelChange,D007,M,JL2,Active
E0910,2023-04-27,2023-12-25,JobLevelChange,D007,M,JL5,Active
E0910,2023-12-26,2025-01-16,JobLevelChange,D007,M,JL6,Active
E0910,2025-01-17,9999-12-31,Promotion,D007,M,JL6,Active
E0911,2022-12-17,2023-10-20,Hire,D005,M,JL4,Active
E0911,2023-10-21,2024-11-24,JobLevelChange,D005,M,JL4,Active
E0911,2024-11-25,2025-09-15,DepartmentChange,D004,M,JL4,Active
E0911,2025-09-16,9999-12-31,JobLevelChange,D004,M,JL4,Active
E0912,2022-11-08,2023-06-11,Hire,D006,F,JL5,Active
E0912,2023-06-12,2024-11-09,Promotion,D006,F,JL6,Active
E0912,2024-11-10,2025-01-22,Promotion,D006,F,JL6,Active
E0912,2025-01-23,2025-03-15,Promotion,D006,F,JL6,Active
E0912,2025-03-16,2025-03-16,Termination: Retirement,D006,F,JL6,Inactive
E0913,2022-10-04,2024-04-10,Hire,D003,F,JL6,Active
E0913,2024-04-11,2024-12-04,JobLevelChange,D003,F,JL6,Active
E0913,2024-12-05,9999-12-31,JobLevelChange,D003,F,JL5,Active
E0914,2024-06-02,2024-11-08,Hire,D009,M,JL1,Active
E0914,2024-11-09,2025-03-08,Promotion,D009,M,JL2,Active
E0914,2025-03-09,2025-03-09,Termination: Voluntary,D009,M,JL2,Inactive
E0915,2021-03-18,2022-02-20,Hire,D001,M,JL6,Active
E0915,2022-02-21,2023-01-31,Promotion,D001,M,JL6,Active
E0915,2023-02-01,2024-04-02,Promotion,D001,M,JL6,Active
E0915,2024-04-03,9999-12-31,DepartmentChange,D004,M,JL6,Active
E0916,2021-01-06,2022-03-17,Hire,D005,M,JL4,Active
E0916,2022-03-18,2023-01-20,DepartmentChange,D008,M,JL4,Active
E0916,2023-01-21,2024-08-20,Promotion,D008,M,JL5,Active
E0916,2024-08-21,2024-08-21,Termination: Involuntary,D008,M,JL5,Inactive
E0917,2025-12-25,9999-12-31,Hire,D001,M,JL4,Active
E0918,2019-02-18,2020-03-27,Hire,D006,M,JL6,Active
E0918,2020-03-28,2021-08-03,DepartmentChange,D006,M,JL6,Active
E0918,2021-08-04,2023-02-27,Promotion,D006,M,JL6,Active
E0918,2023-02-28,2024-05-02,Promotion,D006,M,JL6,Active
E0918,2024-05-03,9999-12-31,JobLevelChange,D006,M,JL3,Active
E0919,2023-08-05,2023-10-10,Hire,D010,M,JL6,Active
E0919,2023-10-11,2024-05-23,Promotion,D010,M,JL6,Active
E0919,2024-05-24,9999-12-31,DepartmentChange,D001,M,JL6,Active
E0920,2021-11-28,9999-12-31,Hire,D005,F,JL1,Active
E0921,2019-06-04,2019-12-25,Hire,D004,M,JL2,Active
E0921,2019-12-26,9999-12-31,Promotion,D004,M,JL3,Active
E0922,2021-09-10,2022-03-08,Hire,D006,M,JL4,Active
E0922,2022-03-09,9999-12-31,Promotion,D006,M,JL5,Active
E0923,2025-01-29,9999-12-31,Hire,D009,F,JL5,Active
E0924,2025-11-28,9999-12-31,Hire,D006,M,JL1,Active
E0925,2019-06-13,2020-01-10,Hire,D004,M,JL5,Active
E0925,2020-01-11,2021-05-13,DepartmentChange,D002,M,JL5,Active
E0925,2021-05-14,2022-04-21,DepartmentChange,D007,M,JL5,Active
E0925,2022-04-22,2022-11-22,Promotion,D007,M,JL6,Active
E0925,2022-11-23,9999-12-31,Promotion,D007,M,JL6,Active
E0926,2019-06-05,2020-04-29,Hire,D003,F,JL4,Active
E0926,2020-04-30,2020-09-16,Promotion,D003,F,JL5,Active
E0926,2020-09-17,2022-03-21,JobLevelChange,D003,F,JL5,Active
E0926,2022-03-22,2022-09-07,DepartmentChange,D010,F,JL5,Active
E0926,2022-09-08,9999-12-31,DepartmentChange,D006,F,JL5,Active
E0927,2019-01-23,9999-12-31,Hire,D006,M,JL2,Active
E0928,2024-03-28,9999-12-31,Hire,D001,M,JL5,Active
E0929,2025-12-18,9999-12-31,Hire,D004,F,JL3,Active
E0930,2021-01-18,9999-12-31,Hire,D009,M,JL1,Active
E0931,2019-01-07,2019-03-01,Hire,D010,M,JL5,Active
E0931,2019-03-02,9999-12-31,JobLevelChange,D010,M,JL4,Active
E0932,2019-10-27,2020-01-27,Hire,D009,M,JL6,Active
E0932,2020-01-28,2021-03-26,DepartmentChange,D005,M,JL6,Active
E0932,2021-03-27,2021-03-27,Termination: Retirement,D005,M,JL6,Inactive
E0933,2019-04-15,2019-06-29,Hire,D006,M,JL2,Active
E0933,2019-06-30,2020-08-15,JobLevelChange,D006,M,JL5,Active
E0933,2020-08-16,2022-01-03,Promotion,D006,M,JL6,Active
E0933,2022-01-04,9999-12-31,Promotion,D006,M,JL6,Active
E0934,2022-05-09,2022-10-17,Hire,D001,F,JL2,Active
E0934,2022-10-18,2023-12-07,Promotion,D001,F,JL3,Active
E0934,2023-12-08,2024-06-30,Promotion,D001,F,JL4,Active
E0934,2024-07-01,2024-11-18,Promotion,D001,F,JL5,Active
E0934,2024-11-19,9999-12-31,DepartmentChange,D005,F,JL5,Active
E0935,2019-07-03,2020-11-04,Hire,D004,F,JL5,Active
E0935,2020-11-05,2021-04-28,Promotion,D004,F,JL6,Active
E0935,2021-04-29,2022-10-06,DepartmentChange,D001,F,JL6,Active
E0935,2022-10-07,2022-10-09,Promotion,D001,F,JL6,Active
E0935,2022-10-10,2022-10-13,Promotion,D001,F,JL6,Active
E0935,2022-10-14,2022-10-14,Termination: Retirement,D001,F,JL6,Inactive
E0936,2021-11-23,2022-08-22,Hire,D007,F,JL2,Active
E0936,2022-08-23,2022-12-30,Promotion,D007,F,JL3,Active
E0936,2022-12-31,2023-11-23,DepartmentChange,D001,F,JL3,Active
E0936,2023-11-24,9999-12-31,JobLevelChange,D001,F,JL5,Active
E0937,2022-02-27,2023-06-03,Hire,D005,F,JL2,Active
E0937,2023-06-04,2024-11-12,DepartmentChange,D002,F,JL2,Active
E0937,2024-11-13,9999-12-31,Promotion,D002,F,JL3,Active
E0938,2023-10-25,2023-10-29,Hire,D002,M,JL4,Active
E0938,2023-10-30,2023-10-30,Promotion,D002,M,JL5,Active
E0938,2023-10-31,2023-10-31,Termination: Voluntary,D002,M,JL5,Inactive
E0939,2025-10-17,2025-12-20,Hire,D005,F,JL2,Active
E0939,2025-12-21,2025-12-21,Termination: Voluntary,D005,F,JL2,Inactive
E0940,2020-05-13,2021-07-20,Hire,D005,M,JL5,Active
E0940,2021-07-21,2022-07-23,JobLevelChange,D005,M,JL3,Active
E0940,2022-07-24,9999-12-31,DepartmentChange,D007,M,JL3,Active
E0941,2024-09-27,2025-12-24,Hire,D010,F,JL2,Active
E0941,2025-12-25,9999-12-31,DepartmentChange,D002,F,JL2,Active
E0942,2023-01-25,2023-08-12,Hire,D004,F,JL5,Active
E0942,2023-08-13,2025-01-06,DepartmentChange,D010,F,JL5,Active
E0942,2025-01-07,9999-12-31,JobLevelChange,D010,F,JL4,Active
E0943,2023-01-01,2023-02-01,Hire,D001,F,JL4,Active
E0943,2023-02-02,2023-02-15,Promotion,D001,F,JL5,Active
E0943,2023-02-16,2023-06-08,JobLevelChange,D001,F,JL5,Active
E0943,2023-06-09,2023-08-29,JobLevelChange,D001,F,JL5,Active
E0943,2023-08-30,2023-08-30,Termination: Involuntary,D001,F,JL5,Inactive
E0944,2019-10-15,2020-10-02,Hire,D005,F,JL5,Active
E0944,2020-10-03,2020-11-06,JobLevelChange,D005,F,JL5,Active
E0944,2020-11-07,2021-07-21,JobLevelChange,D005,F,JL6,Active
E0944,2021-07-22,9999-12-31,JobLevelChange,D005,F,JL2,Active
E0945,2023-06-15,2024-01-13,Hire,D007,M,JL4,Active
E0945,2024-01-14,2024-12-29,JobLevelChange,D007,M,JL5,Active
E0945,2024-12-30,2025-12-26,Promotion,D007,M,JL6,Active
E0945,2025-12-27,2025-12-27,Termination: Involuntary,D007,M,JL6,Inactive
E0946,2022-04-14,9999-12-31,Hire,D003,F,JL6,Active
E0947,2020-12-12,2021-12-16,Hire,D009,M,JL5,Active
E0947,2021-12-17,2022-12-29,JobLevelChange,D009,M,JL1,Active
E0947,2022-12-30,9999-12-31,JobLevelChange,D009,M,JL5,Active
E0948,2021-04-11,2021-05-26,Hire,D007,F,JL6,Active
E0948,2021-05-27,2022-02-01,DepartmentChange,D004,F,JL6,Active
E0948,2022-02-02,2022-02-02,Termination: Voluntary,D004,F,JL6,Inactive
E0949,2023-03-09,2023-07-07,Hire,D006,M,JL1,Active
E0949,2023-07-08,2024-02-26,JobLevelChange,D006,M,JL2,Active
E0949,2024-02-27,2025-10-06,JobLevelChange,D006,M,JL5,Active
E0949,2025-10-07,2025-10-07,Termination: Retirement,D006,M,JL5,Inactive
E0950,2019-12-21,2021-06-15,Hire,D007,F,JL2,Active
E0950,2021-06-16,2022-01-27,DepartmentChange,D004,F,JL2,Active
E0950,2022-01-28,2023-06-09,Promotion,D004,F,JL3,Active
E0950,2023-06-10,2023-09-01,JobLevelChange,D004,F,JL6,Active
E0950,2023-09-02,2024-06-16,JobLevelChange,D004,F,JL2,Active
E0950,2024-06-17,9999-12-31,JobLevelChange,D004,F,JL5,Active
E0951,2025-10-02,9999-12-31,Hire,D009,M,JL5,Active
E0952,2021-02-14,9999-12-31,Hire,D002,F,JL6,Active
E0953,2021-07-20,2021-12-20,Hire,D007,F,JL3,Active
E0953,2021-12-21,2022-05-26,Promotion,D007,F,JL4,Active
E0953,2022-05-27,2023-11-20,DepartmentChange,D002,F,JL4,Active
E0953,2023-11-21,2023-12-28,DepartmentChange,D001,F,JL4,Active
E0953,2023-12-29,2025-03-23,Promotion,D001,F,JL5,Active
E0953,2025-03-24,9999-12-31,Promotion,D001,F,JL6,Active
E0954,2020-05-01,2020-11-29,Hire,D009,F,JL3,Active
E0954,2020-11-30,2021-10-24,JobLevelChange,D009,F,JL3,Active
E0954,2021-10-25,2022-08-13,Promotion,D009,F,JL4,Active
E0954,2022-08-14,2022-08-14,Termination: Involuntary,D009,F,JL4,Inactive
E0955,2023-05-27,2025-01-07,Hire,D009,M,JL3,Active
E0955,2025-01-08,2025-11-07,JobLevelChange,D009,M,JL1,Active
E0955,2025-11-08,9999-12-31,Promotion,D009,M,JL2,Active
E0956,2019-10-18,2020-11-28,Hire,D004,F,JL4,Active
E0956,2020-11-29,9999-12-31,DepartmentChange,D003,F,JL4,Active
E0957,2019-10-17,2020-10-08,Hire,D007,M,JL6,Active
E0957,2020-10-09,2022-01-06,DepartmentChange,D001,M,JL6,Active
E0957,2022-01-07,2022-07-01,DepartmentChange,D001,M,JL6,Active
E0957,2022-07-02,2023-02-09,JobLevelChange,D001,M,JL5,Active
E0957,2023-02-10,2023-07-23,DepartmentChange,D004,M,JL5,Active
E0957,2023-07-24,9999-12-31,DepartmentChange,D009,M,JL5,Active
E0958,2019-09-22,9999-12-31,Hire,D002,M,JL3,Active
E0959,2025-08-04,9999-12-31,Hire,D008,M,JL2,Active
E0960,2023-03-22,2023-04-27,Hire,D002,M,JL5,Active
E0960,2023-04-28,2023-05-31,JobLevelChange,D002,M,JL6,Active
E0960,2023-06-01,2023-06-01,Termination: Involuntary,D002,M,JL6,Inactive
E0961,2025-07-30,2025-08-23,Hire,D002,M,JL3,Active
E0961,2025-08-24,2025-08-24,Termination: Voluntary,D002,M,JL3,Inactive
E0962,2025-06-05,9999-12-31,Hire,D005,F,JL1,Active
E0963,2020-04-05,2020-07-13,Hire,D001,M,JL3,Active
E0963,2020-07-14,9999-12-31,DepartmentChange,D007,M,JL3,Active
E0964,2024-12-27,2025-11-02,Hire,D009,M,JL5,Active
E0964,2025-11-03,2025-12-19,DepartmentChange,D009,M,JL5,Active
E0964,2025-12-20,9999-12-31,DepartmentChange,D010,M,JL5,Active
E0965,2024-12-12,9999-12-31,Hire,D007,F,JL2,Active
E0966,2024-02-02,2024-05-15,Hire,D002,F,JL2,Active
E0966,2024-05-16,9999-12-31,JobLevelChange,D002,F,JL3,Active
E0967,2021-10-01,2023-04-24,Hire,D001,M,JL3,Active
E0967,2023-04-25,2024-06-30,DepartmentChange,D010,M,JL3,Active
E0967,2024-07-01,2025-06-19,JobLevelChange,D010,M,JL4,Active
E0967,2025-06-20,9999-12-31,DepartmentChange,D005,M,JL4,Active
E0968,2019-03-17,2019-08-19,Hire,D004,M,JL6,Active
E0968,2019-08-20,2021-03-29,JobLevelChange,D004,M,JL2,Active
E0968,2021-03-30,2022-10-14,DepartmentChange,D008,M,JL2,Active
E0968,2022-10-15,2023-05-11,Promotion,D008,M,JL3,Active
E0968,2023-05-12,2024-11-10,Promotion,D008,M,JL4,Active
E0968,2024-11-11,9999-12-31,Promotion,D008,M,JL5,Active
E0969,2019-01-29,2019-09-11,Hire,D003,F,JL5,Active
E0969,2019-09-12,9999-12-31,DepartmentChange,D004,F,JL5,Active
E0970,2022-03-22,2023-01-11,Hire,D005,M,JL1,Active
E0970,2023-01-12,2024-08-25,DepartmentChange,D010,M,JL1,Active
E0970,2024-08-26,2025-03-28,Promotion,D010,M,JL2,Active
E0970,2025-03-29,2025-09-06,DepartmentChange,D003,M,JL2,Active
E0970,2025-09-07,9999-12-31,JobLevelChange,D003,M,JL3,Active
E0971,2022-05-17,9999-12-31,Hire,D008,F,JL4,Active
E0972,2023-03-01,9999-12-31,Hire,D007,M,JL4,Active
E0973,2020-01-03,2020-10-19,Hire,D009,F,JL2,Active
E0973,2020-10-20,2021-11-30,Promotion,D009,F,JL3,Active
E0973,2021-12-01,9999-12-31,JobLevelChange,D009,F,JL6,Active
E0974,2024-01-17,2024-10-17,Hire,D003,F,JL6,Active
E0974,2024-10-18,9999-12-31,Promotion,D003,F,JL6,Active
E0975,2020-03-29,2020-06-11,Hire,D001,M,JL1,Active
E0975,2020-06-12,2021-06-01,DepartmentChange,D009,M,JL1,Active
E0975,2021-06-02,2022-02-04,Promotion,D009,M,JL2,Active
E0975,2022-02-05,2022-08-22,DepartmentChange,D008,M,JL2,Active
E0975,2022-08-23,2023-11-27,DepartmentChange,D009,M,JL2,Active
E0975,2023-11-28,9999-12-31,Promotion,D009,M,JL3,Active
E0976,2020-02-18,2020-06-19,Hire,D007,F,JL1,Active
E0976,2020-06-20,2021-02-26,JobLevelChange,D007,F,JL2,Active
E0976,2021-02-27,9999-12-31,DepartmentChange,D004,F,JL2,Active
E0977,2022-04-17,2023-10-24,Hire,D003,M,JL1,Active
E0977,2023-10-25,2025-06-14,Promotion,D003,M,JL2,Active
E0977,2025-06-15,9999-12-31,Promotion,D003,M,JL3,Active
E0978,2023-05-13,2024-06-17,Hire,D001,M,JL5,Active
E0978,2024-06-18,2025-05-27,Promotion,D001,M,JL6,Active
E0978,2025-05-28,9999-12-31,Promotion,D001,M,JL6,Active
E0979,2020-04-17,2020-04-28,Hire,D008,F,JL4,Active
E0979,2020-04-29,2020-04-30,Promotion,D008,F,JL5,Active
E0979,2020-05-01,2020-05-01,JobLevelChange,D008,F,JL5,Active
E0979,2020-05-02,2020-05-26,JobLevelChange,D008,F,JL5,Active
E0979,2020-05-27,2020-05-27,Termination: Involuntary,D008,F,JL5,Inactive
E0980,2024-08-03,2025-05-17,Hire,D010,M,JL6,Active
E0980,2025-05-18,2025-05-18,Termination: Retirement,D010,M,JL6,Inactive
E0981,2023-05-20,2024-09-29,Hire,D006,F,JL4,Active
E0981,2024-09-30,9999-12-31,DepartmentChange,D007,F,JL4,Active
E0982,2019-02-19,2020-06-07,Hire,D003,M,JL3,Active
E0982,2020-06-08,9999-12-31,Promotion,D003,M,JL4,Active
E0983,2023-05-23,2023-09-09,Hire,D010,F,JL6,Active
E0983,2023-09-10,2023-10-23,DepartmentChange,D002,F,JL6,Active
E0983,2023-10-24,2024-11-23,Promotion,D002,F,JL6,Active
E0983,2024-11-24,2025-01-05,Promotion,D002,F,JL6,Active
E0983,2025-01-06,2025-11-29,Promotion,D002,F,JL6,Active
E0983,2025-11-30,9999-12-31,Promotion,D002,F,JL6,Active
E0984,2020-04-30,2020-06-09,Hire,D004,F,JL5,Active
E0984,2020-06-10,9999-12-31,JobLevelChange,D004,F,JL3,Active
E0985,2021-02-01,2022-06-19,Hire,D001,F,JL1,Active
E0985,2022-06-20,2022-09-27,DepartmentChange,D006,F,JL1,Active
E0985,2022-09-28,2023-01-29,Promotion,D006,F,JL2,Active
E0985,2023-01-30,2024-04-02,DepartmentChange,D002,F,JL2,Active
E0985,2024-04-03,2024-08-10,Promotion,D002,F,JL3,Active
E0985,2024-08-11,9999-12-31,Promotion,D002,F,JL4,Active
E0986,2024-04-30,9999-12-31,Hire,D001,F,JL1,Active
E0987,2019-03-20,2019-05-30,Hire,D006,M,JL1,Active
E0987,2019-05-31,2019-11-19,Promotion,D006,M,JL2,Active
E0987,2019-11-20,2021-06-10,DepartmentChange,D010,M,JL2,Active
E0987,2021-06-11,2021-12-24,JobLevelChange,D010,M,JL4,Active
E0987,2021-12-25,2023-02-07,DepartmentChange,D002,M,JL4,Active
E0987,2023-02-08,9999-12-31,DepartmentChange,D008,M,JL4,Active
E0988,2022-06-26,2023-07-28,Hire,D006,M,JL2,Active
E0988,2023-07-29,2023-11-02,JobLevelChange,D006,M,JL1,Active
E0988,2023-11-03,2024-09-22,JobLevelChange,D006,M,JL5,Active
E0988,2024-09-23,2025-06-21,Promotion,D006,M,JL6,Active
E0988,2025-06-22,9999-12-31,DepartmentChange,D003,M,JL6,Active
E0989,2022-11-16,2023-01-15,Hire,D003,F,JL6,Active
E0989,2023-01-16,2024-03-25,Promotion,D003,F,JL6,Active
E0989,2024-03-26,2024-08-03,JobLevelChange,D003,F,JL2,Active
E0989,2024-08-04,2024-11-28,Promotion,D003,F,JL3,Active
E0989,2024-11-29,9999-12-31,JobLevelChange,D003,F,JL5,Active
E0990,2022-01-05,2023-07-10,Hire,D002,M,JL1,Active
E0990,2023-07-11,9999-12-31,JobLevelChange,D002,M,JL2,Active
E0991,2019-01-04,2019-04-08,Hire,D010,M,JL5,Active
E0991,2019-04-09,2019-10-21,DepartmentChange,D009,M,JL5,Active
E0991,2019-10-22,2019-11-21,JobLevelChange,D009,M,JL5,Active
E0991,2019-11-22,9999-12-31,JobLevelChange,D009,M,JL4,Active
E0992,2024-11-25,9999-12-31,Hire,D003,M,JL6,Active
E0993,2023-06-23,2024-01-04,Hire,D001,M,JL5,Active
E0993,2024-01-05,2024-09-08,JobLevelChange,D001,M,JL2,Active
E0993,2024-09-09,2025-07-29,DepartmentChange,D009,M,JL2,Active
E0993,2025-07-30,2025-07-30,Termination: Involuntary,D009,M,JL2,Inactive
E0994,2020-06-10,9999-12-31,Hire,D006,M,JL4,Active
E0995,2019-09-22,2020-02-22,Hire,D002,M,JL1,Active
E0995,2020-02-23,2021-06-22,DepartmentChange,D003,M,JL1,Active
E0995,2021-06-23,2022-01-21,DepartmentChange,D002,M,JL1,Active
E0995,2022-01-22,9999-12-31,JobLevelChange,D002,M,JL2,Active
E0996,2021-06-13,2021-10-28,Hire,D004,M,JL4,Active
E0996,2021-10-29,2022-09-19,JobLevelChange,D004,M,JL4,Active
E0996,2022-09-20,2022-09-20,Termination: Retirement,D004,M,JL4,Inactive
E0997,2022-08-22,2023-09-09,Hire,D006,F,JL4,Active
E0997,2023-09-10,2023-11-11,Promotion,D006,F,JL5,Active
E0997,2023-11-12,2025-01-15,Promotion,D006,F,JL6,Active
E0997,2025-01-16,9999-12-31,DepartmentChange,D006,F,JL6,Active
E0998,2023-04-18,9999-12-31,Hire,D007,M,JL4,Active
E0999,2022-11-30,2023-06-23,Hire,D004,F,JL5,Active
E0999,2023-06-24,2023-08-08,DepartmentChange,D009,F,JL5,Active
E0999,2023-08-09,2024-08-30,JobLevelChange,D009,F,JL2,Active
E0999,2024-08-31,2024-12-10,Promotion,D009,F,JL3,Active
E0999,2024-12-11,9999-12-31,DepartmentChange,D010,F,JL3,Active
E1000,2022-05-14,2022-12-14,Hire,D007,F,JL5,Active
E1000,2022-12-15,2023-06-05,DepartmentChange,D001,F,JL5,Active
E1000,2023-06-06,2024-08-15,Promotion,D001,F,JL6,Active
E1000,2024-08-16,9999-12-31,Promotion,D001,F,JL6,Active
